Period,V,MA,UNH,NFLX.O,UBER.K,BLK,UNP,FI,MMC,KKR,ELV,CI,AJG,DASH.O,APO,RSG,PYPL.O,MAR.O,BK,CSX.O,HLT,MET,TFC
2025-01-01,341.8,555.43,542.49,976.76,66.85,1075.5,247.79,216.04,216.88,167.07,395.7,294.21,301.82,188.83,170.98,216.87,88.58,290.59,85.93,32.87,256.07,86.51,47.62
2024-12-01,316.04,526.57,505.86,891.32,60.32,1025.11,228.04,205.42,212.41,147.91,368.9,276.14,283.85,167.75,165.16,201.18,85.35,278.94,76.83,32.27,247.16,81.88,43.38
2024-11-01,315.08,532.94,610.2,886.81,71.96,1022.8,244.66,220.96,233.23,162.87,406.96,337.8,312.24,180.48,175.03,218.3,86.77,289.09,81.87,36.55,253.44,88.23,47.68
2024-10-01,289.85,499.59,564.5,756.03,72.05,981.03,232.07,197.9,218.24,138.24,405.76,314.81,281.2,156.7,143.26,198.0,79.3,260.02,75.36,33.64,234.85,78.42,43.05
2024-09-01,274.95,493.8,584.68,709.27,75.16,949.51,246.48,179.65,223.09,130.58,520.0,346.44,281.37,142.73,124.91,200.84,78.03,248.6,71.86,34.53,230.5,82.48,42.77
2024-08-01,276.37,483.34,590.2,701.35,73.13,901.81,256.09,174.6,227.51,123.77,556.89,361.81,292.57,128.71,115.73,208.21,72.43,234.69,68.22,34.27,219.64,77.48,44.46
2024-07-01,265.67,463.71,576.16,628.35,64.47,876.5,246.73,163.57,222.57,123.45,532.03,348.67,283.49,110.72,125.31,194.32,65.78,227.3,65.07,35.1,214.67,76.85,44.69
2024-06-01,262.47,441.16,509.26,674.88,72.68,787.32,226.26,149.04,210.72,105.24,541.86,330.57,259.31,108.78,118.07,194.34,58.03,241.77,59.89,33.45,218.2,70.19,38.85
2024-05-01,272.46,447.07,495.37,641.62,64.56,772.03,232.82,149.76,207.58,102.84,538.48,344.62,253.33,110.11,116.16,185.19,62.99,231.17,59.61,33.75,200.6,72.37,37.75
2024-04-01,268.61,451.2,483.7,550.64,66.27,754.64,237.16,152.67,199.43,93.07,528.58,357.04,234.69,129.26,108.38,191.7,67.92,236.13,56.49,33.22,197.28,71.08,37.55
2024-03-01,279.08,481.57,494.7,607.33,76.99,833.7,245.93,159.82,205.98,100.58,518.54,363.19,250.04,137.72,112.45,191.44,66.99,252.31,57.62,37.07,213.31,74.11,38.98
2024-02-01,282.64,474.76,493.6,602.92,79.5,811.34,253.69,149.27,202.27,98.26,501.25,336.14,243.93,124.57,111.8,183.6,60.34,249.87,56.09,37.94,204.32,69.74,34.98
2024-01-01,273.26,449.23,511.74,564.11,65.27,774.31,243.93,141.87,193.84,86.58,493.44,300.95,232.16,104.2,100.4,171.12,61.35,239.73,55.46,35.7,190.96,69.32,37.06
2023-12-01,260.35,426.51,526.47,486.88,61.57,811.8,245.62,132.84,189.47,82.85,471.56,299.45,224.88,98.89,93.19,164.91,61.41,225.51,52.05,34.67,182.09,66.13,36.92
2023-11-01,256.68,413.83,552.97,473.97,56.38,751.23,225.27,130.61,199.42,75.84,479.49,262.88,249.0,93.98,92.0,161.84,57.61,202.7,48.32,32.3,167.52,63.63,32.14
2023-10-01,235.1,376.35,535.56,411.69,43.28,612.28,207.61,113.75,189.65,55.4,450.09,309.2,235.49,74.95,77.44,148.49,51.8,188.56,42.5,29.85,151.53,60.01,28.36
2023-09-01,230.01,395.91,504.19,377.6,45.99,646.49,203.63,112.96,190.3,61.6,435.42,286.07,227.93,79.47,89.76,142.51,58.46,196.56,42.65,30.75,150.18,62.91,28.61
2023-08-01,245.68,412.64,476.58,433.68,47.23,700.54,220.57,121.39,194.99,62.81,442.01,276.26,230.48,84.13,87.34,144.13,62.51,203.51,44.87,30.2,148.65,63.34,30.55
2023-07-01,237.73,394.28,506.37,438.97,49.46,738.85,232.02,126.21,188.42,59.38,471.63,295.1,214.8,90.79,81.71,151.11,75.82,201.81,45.36,33.32,155.49,62.97,33.22
2023-06-01,237.48,393.3,480.64,440.49,43.17,691.14,204.62,126.15,188.08,56.0,444.29,280.6,219.57,76.42,76.81,153.17,66.73,183.69,44.52,34.1,145.55,56.53,30.35
2023-05-01,221.03,365.02,487.24,395.23,37.93,657.55,192.52,112.19,173.18,51.49,447.82,247.41,200.33,65.29,66.85,141.63,61.99,167.79,40.2,30.67,136.12,49.55,30.47
2023-04-01,232.73,380.03,492.09,329.93,31.05,671.2,195.7,122.12,180.19,53.07,468.65,253.29,208.06,61.19,63.39,144.62,76.0,169.34,42.59,30.64,144.02,61.33,32.58
2023-03-01,225.46,363.41,472.59,345.48,31.7,669.12,201.26,113.03,166.55,52.52,459.81,255.53,191.31,63.56,63.16,135.22,75.94,166.04,45.44,29.94,140.87,57.94,34.1
2023-02-01,219.94,355.29,475.94,322.13,33.26,689.43,207.28,115.09,162.14,56.35,469.67,292.1,187.35,54.66,70.9,128.93,73.6,169.24,50.88,30.49,144.51,71.73,46.95
2023-01-01,230.21,370.6,499.19,353.86,30.93,759.21,204.19,106.68,174.91,55.81,499.99,316.67,195.72,57.92,70.78,124.82,81.49,174.18,50.57,30.92,145.09,73.02,49.39
2022-12-01,207.76,347.73,530.18,294.88,24.73,708.63,207.07,101.07,165.48,46.42,512.97,331.34,188.54,48.82,63.79,128.99,71.22,148.89,45.52,30.98,126.36,72.37,43.03
2022-11-01,217.0,356.4,547.76,305.53,29.14,716.0,217.43,104.36,173.18,51.92,532.92,328.89,199.11,58.25,69.39,139.29,78.41,165.35,45.9,32.69,142.62,76.7,46.81
2022-10-01,207.16,328.18,555.15,291.88,26.57,645.91,197.14,102.74,161.49,48.63,546.77,323.06,187.08,43.53,55.36,132.62,83.58,160.11,42.11,29.06,135.26,73.21,44.79
2022-09-01,177.65,284.34,505.04,235.44,26.5,550.28,194.82,93.57,149.29,43.0,454.24,277.47,171.22,49.45,46.5,136.04,86.07,140.14,38.52,26.64,120.62,60.78,43.54
2022-08-01,198.71,324.37,519.33,223.56,28.76,666.39,224.51,101.19,161.37,50.56,485.11,283.45,181.57,59.9,55.58,142.72,93.44,153.74,41.53,31.65,127.36,64.33,46.84
2022-07-01,212.11,353.79,542.34,224.9,23.45,669.18,227.3,105.68,163.96,55.46,477.1,275.36,178.99,69.75,57.1,138.66,86.53,158.82,43.46,32.33,128.07,63.25,50.47
2022-06-01,196.89,315.48,513.63,174.87,20.46,609.04,213.28,88.97,155.25,46.29,482.58,263.52,163.04,64.17,48.48,130.87,69.84,136.01,41.71,29.06,111.44,62.79,47.43
2022-05-01,212.17,357.87,496.78,197.44,23.2,669.08,219.78,100.18,159.95,54.81,509.61,268.29,161.94,76.91,57.64,133.84,85.21,171.58,46.61,31.79,140.86,67.39,49.74
2022-04-01,213.13,363.38,508.55,190.36,31.48,624.68,234.29,97.92,161.7,50.97,501.93,246.78,168.49,81.43,49.76,134.27,87.93,177.52,42.06,34.34,155.29,65.68,48.35
2022-03-01,221.77,357.38,509.97,374.59,35.68,764.17,273.21,101.4,170.42,58.47,491.22,239.61,174.6,117.19,61.99,132.5,115.65,175.75,49.63,37.45,151.74,70.28,56.7
2022-02-01,216.12,360.82,475.87,394.52,36.03,743.89,245.95,97.67,155.41,60.12,451.85,237.78,158.19,104.95,65.26,120.28,111.93,170.14,53.15,33.91,148.86,67.55,62.22
2022-01-01,226.17,386.38,472.57,427.14,37.4,822.94,244.55,105.7,153.64,71.16,440.99,230.46,157.94,113.49,70.0,127.66,171.94,161.12,59.26,34.22,145.11,67.06,62.82
2021-12-01,216.71,359.32,502.14,602.44,41.93,915.56,251.93,103.79,173.82,74.5,463.54,229.63,169.67,148.9,72.43,139.45,188.58,165.24,58.08,37.6,155.99,62.49,58.55
2021-11-01,193.77,314.92,444.22,641.9,38.0,904.61,235.64,96.52,164.02,74.45,406.23,191.9,162.9,178.77,70.78,132.26,184.89,147.56,54.79,34.66,135.07,58.66,59.31
2021-10-01,211.77,335.52,460.47,690.31,43.82,943.46,241.4,98.49,166.8,79.67,435.13,213.61,167.67,194.8,76.95,134.6,232.59,160.02,59.2,36.17,143.95,62.8,63.47
2021-09-01,222.75,347.68,390.74,610.34,44.8,838.66,196.01,108.5,151.43,60.88,372.8,200.16,148.65,205.98,61.59,120.06,260.21,148.09,51.84,29.74,132.11,61.73,58.65
2021-08-01,229.1,346.23,416.27,569.19,39.14,943.29,216.84,117.79,157.2,64.29,375.13,211.65,143.62,191.4,59.78,124.13,288.66,135.14,55.22,32.53,124.86,62.0,57.06
2021-07-01,246.39,385.94,412.22,517.57,43.46,867.17,218.76,115.11,147.22,63.76,384.01,229.49,139.31,174.29,58.86,118.36,275.53,145.98,51.33,32.32,131.45,57.7,54.43
2021-06-01,233.82,365.09,400.44,528.21,50.12,874.97,219.93,106.89,140.68,59.24,381.8,237.07,140.08,178.33,62.2,110.01,291.48,136.52,51.23,32.08,120.62,59.85,55.5
2021-05-01,227.3,360.58,411.92,502.81,50.83,877.04,224.73,115.2,138.35,55.69,398.22,258.85,146.61,150.28,57.34,109.18,260.02,143.58,52.08,33.3733,125.27,65.36,61.78
2021-04-01,233.56,382.06,398.8,513.47,54.77,819.3,222.09,120.12,135.7,56.58,379.39,249.01,144.95,143.17,55.37,106.3,262.29,148.52,49.88,33.5833,128.7,63.63,59.31
2021-03-01,211.73,356.05,372.07,521.66,54.51,753.96,220.41,119.04,121.8,48.85,358.95,241.74,124.77,131.13,47.01,99.35,242.84,148.11,47.29,32.139968,120.92,60.79,58.32
2021-02-01,212.39,353.85,332.22,538.85,51.75,694.5,205.96,115.37,115.22,45.56,303.19,209.9,119.8,169.49,49.46,89.09,259.85,148.07,42.16,30.516636,123.68,57.6,56.96
2021-01-01,193.25,316.29,333.58,532.39,50.93,701.26,197.47,102.69,109.91,38.95,296.98,217.05,115.41,193.27,45.94,90.52,234.31,116.31,39.83,28.584971,101.39,48.15,47.98
2020-12-01,218.73,356.94,350.68,540.73,51.0,721.54,208.22,113.86,117.0,40.49,321.09,208.18,123.71,142.75,48.98,96.3,234.2,131.92,42.44,30.24997,111.26,46.95,47.93
2020-11-01,210.35,336.51,336.34,490.7,49.66,698.35,204.08,115.18,114.64,37.93,311.52,209.14,115.41,142.75,43.62,96.72,214.12,126.87,39.12,30.016637,103.63,46.17,46.42
2020-10-01,181.71,288.64,305.14,475.74,33.41,599.21,177.19,95.47,103.46,34.15,272.8,166.97,103.71,142.75,36.86,88.17,186.13,92.88,34.36,26.313307,87.81,37.85,42.12
2020-09-01,199.97,338.17,311.77,500.03,36.48,563.55,196.87,103.05,114.7,34.34,268.59,169.41,105.58,142.75,44.75,93.35,197.03,92.58,34.34,25.889974,85.32,37.17,38.05
2020-08-01,211.99,358.19,312.55,529.56,33.63,594.19,192.44,99.58,114.91,35.82,281.52,177.37,105.3,142.75,46.87,92.72,204.14,102.91,36.98,25.486641,90.36,38.46,38.81
2020-07-01,190.4,308.53,302.78,488.88,30.26,575.01,173.35,99.79,116.6,35.37,273.8,172.69,107.49,142.75,49.1,87.25,196.07,83.825,35.85,23.779976,75.05,37.85,37.46
2020-06-01,193.17,295.7,294.95,455.04,31.08,544.09,169.07,97.62,107.37,30.88,262.98,187.65,97.49,142.75,49.92,82.05,174.23,85.73,38.65,23.246643,73.45,36.52,37.55
2020-05-01,195.24,300.89,304.85,419.73,36.32,528.64,169.86,106.77,105.92,27.75,294.11,197.32,94.28,142.75,47.6,85.46,155.01,88.5,37.17,23.859976,79.31,36.01,36.78
2020-04-01,178.72,274.97,292.47,419.85,30.27,502.04,159.79,103.06,97.33,25.21,280.73,195.78,78.5,142.75,40.49,78.34,123.0,90.94,37.54,22.076645,75.71,36.08,37.32
2020-03-01,161.12,241.56,249.38,375.5,27.92,439.97,141.04,94.99,86.46,23.47,227.04,177.18,81.51,142.75,33.5,75.06,95.74,74.81,33.68,19.099981,68.24,30.57,30.84
2020-02-01,181.76,290.25,254.96,369.03,33.87,463.01,159.81,109.36,104.56,28.6,257.09,182.94,97.49,142.75,41.66,90.26,107.99,124.0,39.9,23.48331,97.2,42.72,46.14
2020-01-01,198.97,315.94,272.45,345.09,36.29,527.35,179.42,118.61,111.86,31.9,265.28,192.38,102.57,142.75,47.32,95.05,113.89,140.06,44.78,25.446641,107.8,49.71,51.57
2019-12-01,187.9,298.59,293.98,323.57,29.74,502.7,180.79,115.63,111.41,29.17,302.03,204.49,95.23,142.75,47.71,89.63,108.17,151.43,50.33,24.119976,110.91,50.97,56.32
2019-11-01,184.51,292.23,279.87,314.66,29.6,494.91,175.99,116.24,108.07,29.49,288.66,199.92,93.27,142.75,43.8,88.65,108.01,140.36,48.97,23.846643,105.0,49.91,54.72
2019-10-01,178.86,276.81,252.7,287.41,31.5,461.7,165.46,106.14,103.62,28.83,269.08,178.46,91.22,142.75,41.16,87.51,104.1,126.55,46.75,23.42331,96.96,46.79,53.05
2019-09-01,172.01,271.57,217.32,267.62,30.47,445.64,161.98,103.59,100.05,26.85,240.1,151.79,89.57,142.75,37.82,86.55,103.59,124.37,45.21,23.089977,93.11,47.16,53.37
2019-08-01,180.82,281.37,234.0,293.75,32.57,422.56,161.96,106.94,99.89,25.84,261.52,153.97,90.71,142.75,37.73,89.25,109.05,126.06,42.06,22.339978,92.37,44.3,47.65
2019-07-01,178.0,272.27,249.01,322.99,42.14,467.68,179.95,105.43,98.8,26.75,294.61,169.92,90.43,142.75,33.0,88.65,110.4,139.06,46.92,23.466643,96.55,49.42,51.53
2019-06-01,173.55,264.53,244.01,367.32,46.38,469.3,169.11,91.16,99.75,25.27,282.21,157.55,87.59,142.75,34.3,86.64,114.46,140.29,44.15,25.789974,97.74,49.67,49.13
2019-05-01,161.33,251.49,241.8,343.28,40.41,415.56,166.78,85.86,95.6,22.28,277.98,148.02,84.2,142.75,29.41,84.59,109.75,124.84,42.69,24.823309,89.44,46.21,46.75
2019-04-01,164.43,254.24,233.07,370.54,40.41,485.24,177.04,87.24,94.29,24.45,263.03,158.84,83.62,142.75,32.69,82.82,112.77,136.42,49.66,26.543307,86.99,46.13,51.2
2019-03-01,156.19,235.45,247.26,356.56,40.41,427.37,167.2,88.28,93.9,23.49,286.98,160.82,78.1,142.75,28.25,80.38,103.84,125.09,50.43,24.939975,83.11,42.57,46.53
2019-02-01,148.12,224.77,242.22,358.1,40.41,443.22,167.7,84.69,93.02,22.23,300.73,174.44,80.28,142.75,29.3,78.43,98.07,125.27,52.48,24.223309,83.1,45.19,50.97
2019-01-01,135.01,211.13,270.2,339.5,40.41,415.08,159.07,82.93,88.19,22.45,303.0,199.81,74.71,142.75,29.28,76.71,88.76,114.53,52.32,21.899978,74.48,45.67,48.8
2018-12-01,131.94,188.65,249.12,267.66,40.41,392.82,138.23,73.49,79.75,19.63,262.63,189.92,73.7,142.75,24.54,72.09,84.09,108.56,47.07,20.709979,71.8,41.06,43.32
2018-11-01,141.71,201.07,281.36,286.13,40.41,428.01,153.78,79.13,88.7,22.92,290.07,223.38,77.07,142.75,28.19,77.34,85.81,115.03,51.31,24.209976,75.54,44.63,51.1
2018-10-01,137.85,197.67,261.35,301.78,40.41,411.42,146.22,79.3,84.75,23.65,275.57,213.81,74.01,142.75,29.42,72.68,84.19,116.89,47.33,22.95331,71.17,41.19,49.16
2018-09-01,150.09,222.61,266.04,374.13,40.41,471.33,162.83,82.38,82.72,27.27,274.05,208.25,74.44,142.75,34.55,72.66,87.84,132.03,50.99,24.683309,80.78,46.72,48.54
2018-08-01,146.89,215.56,268.46,367.68,40.41,479.06,150.62,80.07,84.63,26.08,264.73,188.34,72.14,142.75,34.53,73.36,92.33,126.47,52.15,24.719975,77.62,45.89,51.66
2018-07-01,136.74,198.0,253.22,337.45,40.41,502.76,149.89,75.48,83.36,27.38,253.0,179.42,71.35,142.75,35.5,72.48,82.14,127.84,53.47,23.559976,78.66,45.74,50.81
2018-06-01,132.45,196.52,245.34,391.43,40.41,499.04,141.68,74.09,81.97,24.85,238.03,169.95,65.28,142.75,31.87,68.36,83.27,126.6,53.93,21.259979,79.16,43.6,50.44
2018-05-01,130.72,190.12,241.51,351.6,40.41,534.23,142.76,72.6,80.37,22.23,221.42,169.37,66.28,142.75,31.32,67.43,82.07,135.36,54.75,21.549978,80.71,45.99,52.5
2018-04-01,126.88,178.27,236.4,312.46,40.41,521.5,133.63,70.86,81.5,20.94,235.99,171.82,69.99,142.75,28.84,64.68,74.61,136.68,54.51,19.796647,78.84,47.67,52.8
2018-03-01,119.62,175.16,214.0,295.35,40.41,541.72,134.43,71.31,82.59,20.3,219.7,167.74,68.73,142.75,29.62,66.23,75.87,135.98,51.53,18.569981,78.76,45.89,52.04
2018-02-01,122.94,175.76,226.16,291.38,40.41,549.43,130.25,71.695,83.02,21.46,235.38,195.89,69.11,142.75,32.8,67.18,79.41,141.21,57.03,17.906649,80.79,46.19,54.304944
2018-01-01,124.23,169.0,236.78,270.3,40.41,561.8,133.5,70.42,83.52,24.08,247.85,208.35,68.32,142.75,35.75,68.8,85.32,147.34,56.7,18.923314,85.65,48.07,55.144247
2017-12-01,114.02,151.36,220.46,191.96,40.41,513.71,134.1,65.565,81.39,21.06,225.01,203.09,63.28,142.75,33.47,67.61,73.62,135.73,53.86,18.336648,79.86,50.56,49.678782
2017-11-01,112.59,150.47,228.17,187.58,40.41,501.19,126.5,65.725,83.93,19.92,234.96,211.73,65.83,142.75,31.31,64.94,75.73,127.0,54.74,18.583315,77.56,53.68,49.379031
2017-10-01,109.98,148.77,210.22,196.43,40.41,470.83,115.79,64.715,80.93,20.05,209.21,197.22,63.33,142.75,31.58,65.07,72.56,119.48,51.45,16.809983,72.28,53.58,49.19918
2017-09-01,105.24,141.2,195.85,181.35,40.41,447.09,115.97,64.48,83.81,20.33,189.88,186.94,61.55,142.75,30.1,66.06,64.03,110.26,53.02,18.086649,69.45,51.95,46.901087
2017-08-01,103.52,133.3,198.9,174.71,40.41,419.01,105.3,61.855,78.08,19.01,196.04,182.06,57.9,142.75,29.53,65.24,61.68,103.58,52.28,16.733317,64.33,46.83,46.051791
2017-07-01,99.56,127.8,191.81,181.66,40.41,426.53,102.96,64.25,77.97,19.38,186.21,173.56,58.79,142.75,28.1,64.22,58.55,104.19,53.03,16.44665,62.53,49.01303,47.280772
2017-06-01,93.78,121.45,185.42,149.41,40.41,422.41,108.91,61.17,77.96,18.6,188.13,167.39,57.25,142.75,26.45,63.73,53.67,100.31,51.02,18.186648,61.85,48.959561,45.372355
2017-05-01,95.23,122.88,175.18,163.07,40.41,409.24,110.3,62.64,77.56,18.42,182.35,161.23,56.73,142.75,27.03,63.61,52.21,107.65,47.12,18.056649,66.47,45.083076,41.615472
2017-04-01,91.22,116.32,174.88,152.2,40.41,384.57,111.96,59.57,74.13,18.98,177.89,156.37,55.81,142.75,26.77,62.99,47.72,94.42,47.06,16.94665,58.97,46.170274,43.144204
2017-03-01,88.87,112.47,164.01,147.81,40.41,383.51,105.92,57.655,73.89,18.23,165.38,146.49,56.54,142.75,24.32,62.81,43.02,94.18,47.23,15.516651,58.46,47.070332,44.662944
2017-02-01,87.94,110.46,165.38,142.13,40.41,387.46,107.94,57.7,73.48,18.03,164.82,148.9,56.95,142.75,22.74,61.95,42.0,86.99,47.14,16.18665,57.2,46.731696,48.180026
2017-01-01,82.71,106.33,162.1,140.71,40.41,373.98,106.58,53.715,68.02,17.36,154.14,146.22,53.83,142.75,21.24,57.38,39.78,84.6,44.73,15.463318,57.58,48.487254,46.151708
2016-12-01,78.02,103.25,160.04,123.8,40.41,380.54,103.68,53.14,67.59,15.39,143.77,133.39,51.96,142.75,19.36,57.05,39.47,82.68,47.38,11.976655,57.503376,48.023858,46.98102
2016-11-01,77.32,102.2,158.32,117.0,40.41,370.79,101.33,52.31,69.31,15.3,142.53,134.74,50.35,142.75,19.26,55.49,39.28,78.78,47.42,11.936655,53.000355,49.021941,45.212488
2016-10-01,82.51,107.02,141.33,124.87,40.41,341.24,88.18,49.24,63.39,14.19,121.86,118.83,48.23,142.75,18.28,52.63,41.66,68.7,43.27,10.16999,47.778541,41.848216,39.167503
2016-09-01,82.7,101.77,140.0,98.55,40.41,362.46,97.53,49.735,67.25,14.26,125.31,130.32,50.87,142.75,17.96,50.45,40.97,67.33,39.88,10.166657,48.476192,39.593617,37.68873
2016-08-01,80.9,96.63,136.05,97.45,40.41,372.81,95.53,51.525,67.63,14.99,125.08,128.26,49.41,142.75,18.62,50.52,37.15,71.33,41.67,9.426657,50.463441,38.675736,38.468084
2016-07-01,78.05,95.24,143.2,91.25,40.41,366.25,93.05,55.18,65.75,14.44,131.34,128.96,49.19,142.75,17.15,51.26,37.24,71.7,39.4,9.443324,49.025856,38.08758,36.839435
2016-06-01,74.17,88.06,141.2,91.48,40.41,342.53,87.25,54.365,68.46,12.34,131.34,127.99,47.6,142.75,15.15,51.31,36.51,66.46,38.85,8.693325,47.630554,35.494345,35.580479
2016-05-01,78.94,95.9,133.67,102.57,40.41,363.85,84.19,52.665,66.07,13.51,132.16,128.11,48.33,142.75,16.42,48.28,37.79,66.04,42.06,8.809991,43.930888,40.5917,36.339849
2016-04-01,77.24,96.99,131.68,90.03,40.41,356.33,87.23,48.86,63.15,13.6,140.77,138.54,46.04,142.75,16.91,47.07,39.18,70.09,40.24,9.089991,46.615789,40.190685,35.35067
2016-03-01,76.48,94.5,128.9,102.23,40.41,340.57,79.55,51.29,60.79,14.69,138.99,137.24,44.48,142.75,17.12,47.65,38.6,71.18,36.83,8.583325,47.609413,39.156955,33.242419
2016-02-01,72.39,86.92,119.1,93.41,40.41,311.96,78.86,47.815,57.05,12.84,130.69,139.61,39.85,142.75,15.55,45.7,38.14,68.15,35.39,8.046659,43.930888,35.253736,32.133339
2016-01-01,74.49,89.03,115.16,91.84,40.41,314.26,72.0,47.28,53.33,13.63,130.49,133.6,37.64,142.75,13.58,43.7,36.14,61.28,36.22,7.673326,37.652027,39.789669,32.632925
2015-12-01,77.55,97.36,117.64,114.38,40.41,340.52,78.2,45.73,55.45,15.59,139.44,146.33,40.94,142.75,15.18,43.99,36.2,67.04,41.22,8.649991,45.241627,42.962149,37.778656
2015-11-01,79.01,97.92,112.71,123.33,40.41,363.72,83.95,48.12,55.3,16.91,130.38,134.98,43.75,142.75,16.33,43.93,35.26,70.91,43.84,9.476657,49.089279,45.528649,38.587984
2015-10-01,77.58,98.99,117.78,108.38,40.41,351.97,89.35,48.255,55.74,17.15,139.15,134.04,43.73,142.75,18.27,43.74,36.01,76.78,41.65,8.996658,52.831227,44.895935,37.119203
2015-09-01,69.66,90.12,116.01,103.26,40.41,297.47,88.41,43.305,52.22,16.78,140.0,135.02,41.28,142.75,17.18,41.2,31.04,68.2,39.15,8.966658,48.497333,42.017534,35.570488
2015-08-01,71.3,92.37,115.7,115.03,40.41,302.47,85.74,42.635,53.73,19.09,141.05,140.79,43.72,142.75,18.58,40.98,35.0,70.66,39.8,9.126658,52.492972,44.646415,36.889393
2015-07-01,75.34,97.4,121.4,114.31,40.41,336.32,97.59,43.43,57.94,23.9,154.27,144.06,47.43,142.75,20.57,42.53,38.7,72.61,43.4,10.426656,56.763443,49.672478,40.236616
2015-06-01,67.15,93.48,122.0,93.848478,40.41,345.98,95.37,41.415,56.7,22.85,164.14,162.0,47.3,142.75,22.15,39.17,38.7,74.39,41.97,10.883322,58.243309,49.895265,40.276583
2015-05-01,68.68,92.26,120.21,89.151339,40.41,365.78,100.91,40.075,58.23,22.95,167.85,140.83,48.45,142.75,22.2,40.29,38.7,77.99,43.36,11.359989,61.224183,46.57129,39.437279
2015-04-01,66.05,90.21,111.4,79.499921,40.41,363.94,106.23,38.8,56.16,22.51,150.93,124.64,47.83,142.75,22.86,40.63,38.7,80.05,42.34,12.029988,61.224183,45.706878,38.258258
2015-03-01,65.41,86.39,118.29,59.527083,40.41,365.84,108.31,39.7,56.09,22.81,154.41,129.44,46.75,142.75,21.6,40.56,38.7,80.32,40.24,11.039989,62.619486,45.04743,38.957677
2015-02-01,67.8275,90.13,113.63,67.844218,40.41,371.42,120.26,39.035,56.89,22.85,146.45,121.63,46.99,142.75,23.32,40.92,38.7,83.1,39.14,11.436655,59.765458,45.296951,38.018457
2015-01-01,63.7275,82.03,106.25,63.114223,40.41,340.51,117.21,36.265,53.77,24.01,134.96,106.83,44.43,142.75,24.87,39.68,38.7,74.5,36.0,11.099989,54.90304,41.438289,35.260745
2014-12-01,65.55,86.16,101.09,48.80138,40.41,357.56,119.13,35.485,57.24,23.21,125.67,102.91,47.08,142.75,23.58,40.25,38.7,78.03,40.57,12.076655,55.156731,48.202087,38.85776
2014-11-01,64.5475,87.29,98.63,49.512808,40.41,359.08,116.77,35.745,56.59,22.28,127.91,102.89,47.95,142.75,24.44,39.61,38.7,78.79,40.03,12.163321,55.431563,49.556629,37.558838
2014-10-01,60.3575,83.75,95.01,56.109944,40.41,341.11,116.45,34.74,54.37,21.56,126.69,99.57,47.7,142.75,22.75,38.4,38.7,75.75,38.72,11.876655,53.359751,48.335759,37.848597
2014-09-01,53.3425,73.92,86.25,64.454221,40.41,328.32,108.42,32.3175,52.34,22.3,119.62,90.69,45.36,142.75,23.84,39.02,38.7,69.9,38.73,10.686656,52.070153,47.872363,37.179153
2014-08-01,53.13,75.81,86.68,68.234217,40.41,330.53,105.27,32.235,53.1,23.49,116.51,94.6,47.23,142.75,24.4,39.33,38.7,69.4,39.18,10.303323,53.528878,48.781332,37.299053
2014-07-01,52.7525,74.15,81.05,60.388511,40.41,304.73,98.31,30.835,50.77,22.92,109.81,90.04,45.0,142.75,26.26,37.93,38.7,64.71,39.04,9.973323,51.182233,46.87428,36.98931
2014-06-01,52.6775,73.47,81.75,62.942794,40.41,319.6,99.75,30.16,51.82,24.33,107.61,91.97,46.6,142.75,27.72,37.97,38.7,64.1,37.48,10.26999,49.258407,49.512072,39.397313
2014-05-01,53.7075,76.45,79.63,59.68994,40.41,304.9,99.635,30.055,50.27,22.73,108.36,89.78,45.83,142.75,24.83,35.4,38.7,61.62,34.56,9.79999,47.820822,45.386066,37.888564
2014-04-01,50.6525,73.55,75.04,46.005668,40.41,301.0,95.215,30.39,49.31,22.71,100.68,80.04,45.02,142.75,26.389514,35.09,38.7,57.93,33.87,9.406657,46.150688,46.651493,37.299053
2014-03-01,53.965,74.7,81.99,50.28995,40.41,314.48,93.83,28.345,49.3,22.84,99.55,83.73,47.58,142.75,30.932051,34.16,38.7,56.02,35.29,9.656657,47.017467,47.052509,40.136699
2014-02-01,56.485,77.72,77.27,63.661365,40.41,304.84,90.19,29.025,48.16,24.14,90.59,79.59,46.2,142.75,31.311406,34.11,38.7,54.23,32.0,9.236657,47.271158,45.154368,37.768664
2014-01-01,53.8575,75.68,72.28,58.475656,40.41,300.47,87.12,28.025,45.71,24.11,86.0,86.31,46.23,142.75,30.642064,32.03,38.7,49.3,31.96,8.969991,45.770151,43.710711,37.378987
2013-12-01,55.67,83.546,75.3,52.595662,40.41,316.47,84.0,29.525,48.36,24.34,92.39,87.48,46.93,142.75,29.848864,33.2,38.7,49.351,34.94,9.58999,47.038607,48.050592,37.289062
2013-11-01,50.865,76.081,74.48,52.257091,40.41,302.75,81.02,27.4725,47.45,23.73,92.88,87.45,46.54,142.75,28.507979,34.91,38.7,47.02,33.7,9.089991,47.038607,46.50891,34.711201
2013-10-01,49.1675,71.71,68.26,46.068525,40.41,300.81,75.7,26.1825,45.8,21.95,84.8,76.98,47.45,142.75,29.509747,33.47,38.7,45.08,31.8,8.686658,47.038607,42.160117,33.941839
2013-09-01,47.775,67.278,71.61,44.172813,40.41,270.62,77.67,25.2625,43.55,20.58,83.61,76.86,43.65,142.75,25.850758,33.36,38.7,42.06,30.19,8.579991,47.038607,41.839305,33.722021
2013-08-01,43.605,60.608,71.74,40.558531,40.41,260.32,76.77,24.0675,41.23,19.11,85.14,78.69,41.34,142.75,23.225433,32.51,38.7,39.99,29.74,8.203325,47.038607,41.162034,33.931847
2013-07-01,44.2525,61.061,72.85,34.926251,40.41,281.96,79.295,24.06,41.87,20.45,85.56,77.83,44.38,142.75,23.348926,33.91,38.7,41.57,31.45,8.269992,47.038607,43.149289,35.660413
2013-06-01,45.6875,57.45,65.48,30.155684,40.41,256.85,77.14,21.8525,39.92,19.66,81.84,72.49,43.69,142.75,21.059473,33.94,38.7,40.37,28.05,7.729992,47.038607,40.778841,33.851913
2013-05-01,44.535,57.025,62.63,32.321396,40.41,279.2,77.31,21.79,40.02,19.48,76.97,67.9,43.68,142.75,21.015781,34.1,38.7,42.01,30.06,8.403325,47.038607,39.397565,32.892709
2013-04-01,42.115,55.293,59.93,30.867112,40.41,266.5,73.98,22.7775,38.01,21.0,72.92,66.17,42.45,142.75,23.523693,34.08,38.7,43.06,28.22,8.196658,47.038607,34.745783,30.744492
2013-03-01,42.46,54.113,57.21,27.039973,40.41,256.88,71.205,21.965,37.97,19.32,66.23,62.37,41.31,142.75,18.909834,33.0,38.7,42.23,27.99,8.209992,47.038607,33.881371,31.363978
2013-02-01,39.66,51.782,53.45,26.868545,40.41,239.75,68.555,20.56,37.14,18.22,62.18,58.46,38.48,142.75,20.543909,31.44,38.7,39.45,27.14,7.646659,47.038607,31.582214,30.334832
2013-01-01,39.4775,51.84,55.21,23.605691,40.41,236.28,65.73,20.0775,35.48,16.88,64.82,58.34,36.95,142.75,19.460351,31.89,38.7,39.98,27.16,7.343326,47.038607,33.275392,30.254898
2012-12-01,37.895,49.128,54.24,13.22713,40.41,206.71,62.86,19.7575,34.47,15.23,60.92,53.46,34.65,142.75,15.169811,29.33,38.7,37.27,25.7,6.57666,47.038607,29.354349,29.085868
2012-11-01,37.4275,48.868,54.39,11.672845,40.41,197.04,61.39,19.2475,35.22,13.75,55.9,52.27,36.52,142.75,13.710503,28.47,38.7,36.29,23.94,6.58666,47.038607,29.577136,28.146647
2012-10-01,34.69,46.093,56.0,11.319903,40.41,189.68,61.515,18.715,34.03,15.05,61.3,51.0,35.44,142.75,13.273585,28.35,38.7,36.48,24.71,6.823327,47.038607,31.626772,28.926
2012-09-01,33.57,45.148,55.41,7.777135,40.41,178.3,59.35,18.5075,33.93,15.11,58.01,47.17,35.82,142.75,12.810451,27.51,38.7,39.1,22.62,6.91666,47.038607,30.708891,33.13251
2012-08-01,32.0625,42.29,54.3,8.53142,40.41,176.37,60.72,17.8275,34.17,14.25,59.87,45.77,35.72,142.75,11.587079,27.65,38.7,37.68,22.54,7.486659,47.038607,30.414813,31.513853
2012-07-01,32.2675,43.657,51.09,8.12142,40.41,170.26,61.305,17.5325,33.21,13.99,53.29,40.28,35.48,142.75,11.857969,28.93,38.7,36.42,21.28,7.646659,47.038607,27.420562,31.343994
2012-06-01,30.9075,43.011,58.5,9.783562,40.41,169.82,59.655,18.055,32.23,12.89,63.79,44.0,35.07,142.75,10.835579,26.46,38.7,39.2,21.95,7.453326,47.038607,27.491854,30.824425
2012-05-01,28.8,40.651,55.77,9.062848,40.41,170.8,55.7,16.8575,31.98,11.75,67.39,43.91,34.74,142.75,10.197678,26.36,38.7,38.71,20.36,6.963326,47.038607,26.030375,30.194948
2012-04-01,30.745,45.227,56.15,11.44856,40.41,191.58,56.22,17.5725,33.45,14.12,67.82,46.23,37.56,142.75,11.220068,27.37,38.7,39.09,23.65,7.429993,47.038607,32.10799,32.013439
2012-03-01,29.5,42.054,58.94,16.434269,40.41,204.9,53.74,17.3475,32.79,14.83,73.8,49.25,35.74,142.75,12.478393,30.56,38.7,37.85,24.13,7.173326,47.038607,33.284303,31.363978
2012-02-01,29.0925,42.0,55.75,15.818556,40.41,199.0,55.125,16.575,31.2,14.32,65.63,44.11,34.12,142.75,12.251195,29.83,38.7,35.28,22.11,7.003326,47.038607,34.353678,29.225752
2012-01-01,25.16,35.557,51.79,17.171411,40.41,182.0,57.155,15.7225,31.59,13.98,64.32,44.83,33.34,142.75,13.002695,29.28,38.7,34.45,20.13,7.516659,47.038607,31.484188,27.167459
2011-12-01,25.3825,37.282,50.68,9.898562,40.41,178.24,52.97,14.685,31.62,12.83,66.25,42.0,33.44,142.75,10.844318,27.55,38.7,29.17,19.91,7.019993,47.038607,27.785932,25.149134
2011-11-01,24.2425,37.455,48.77,9.218562,40.41,172.04,51.705,14.415,30.19,12.83,70.55,44.23,30.98,142.75,10.94044,27.45,38.7,30.62,19.46,7.236659,47.038607,28.053276,23.150792
2011-10-01,23.315,34.724,47.99,11.725703,40.41,157.79,49.785,14.7175,30.62,13.48,68.9,44.34,30.9,142.75,11.578341,28.46,38.7,29.691522,21.28,7.403326,47.038607,31.332693,23.320651
2011-09-01,21.43,31.716,46.12,16.181412,40.41,148.01,40.835,12.6925,26.55,10.4,65.28,41.94,26.3,142.75,8.948091,28.06,38.7,25.676097,18.59,6.223327,47.038607,24.960999,21.312317
2011-08-01,21.97,32.971,47.52,33.572824,40.41,164.75,46.085,13.9575,29.72,12.8,63.3,46.74,28.21,142.75,11.333666,30.36,38.7,27.598977,20.67,7.313326,47.038607,29.942506,22.271522
2011-07-01,21.385,30.325,49.63,37.998533,40.41,178.46,51.24,15.09,29.49,14.65,67.55,49.77,28.12,142.75,15.126119,29.03,38.7,30.63411,25.11,8.189992,47.038607,36.724127,25.658711
2011-06-01,21.065,30.134,51.58,37.527105,40.41,191.81,52.2,15.6575,31.19,16.32,78.77,51.43,28.54,142.75,15.029997,30.85,38.7,33.452448,25.62,8.739991,47.038607,39.094575,26.81775
2011-05-01,20.265,28.705,48.95,38.685676,40.41,205.56,52.485,16.13,30.67,17.19,78.17,49.89,28.71,142.75,15.746543,31.52,38.7,35.639252,28.11,8.811093,47.038607,39.299539,27.517169
2011-04-01,19.53,27.589,49.23,33.238538,40.41,195.94,51.735,15.3275,30.28,18.96,76.79,46.83,29.78,142.75,15.798974,31.62,38.7,33.273356,28.96,8.743316,47.038607,41.696721,26.897683
2011-03-01,18.405,25.172,45.2,33.968537,40.41,201.01,49.165,15.68,29.81,16.41,69.79,44.28,30.41,142.75,15.729067,30.04,38.7,33.537281,29.87,8.733316,47.038607,39.860961,27.427244
2011-02-01,18.2625,24.056,42.58,29.524256,40.41,203.99,47.705,15.8175,30.44,16.66,66.47,42.07,31.4,142.75,15.729067,29.61,38.7,36.958875,30.39,8.295539,47.038607,42.204675,27.57712
2011-01-01,17.4625,23.651,41.05,30.582827,40.41,198.02,47.315,15.4425,27.88,14.99,62.12,42.02,29.68,142.75,15.729067,30.84,38.7,37.2228,31.23,7.844429,47.038607,40.787752,27.617086
2010-12-01,17.595,22.411,36.11,25.099975,40.41,190.58,46.33,14.64,27.34,14.2,56.86,36.66,29.08,142.75,15.729067,29.86,38.7,39.155106,30.2,7.178875,47.038607,39.602528,26.268206
2010-11-01,18.4625,23.703,36.52,29.414256,40.41,163.0,45.055,13.825,25.08,12.58,55.74,36.81,28.08,142.75,15.729067,28.14,38.7,36.958875,26.99,6.756653,47.038607,33.99722,23.180767
2010-10-01,19.54,24.006,36.05,24.795689,40.41,170.99,43.84,13.63,24.98,12.68,54.34,35.16,28.16,142.75,15.729067,29.81,38.7,34.922885,25.06,6.827764,47.038607,35.939918,23.390593
2010-09-01,18.565,22.4,35.11,23.165691,40.41,170.25,40.9,13.455,24.12,10.6,56.64,35.78,26.37,142.75,15.729067,30.49,38.7,33.772928,26.13,6.146654,47.038607,34.264564,24.060038
2010-08-01,17.245,19.836,31.72,17.931411,40.41,141.95,36.47,12.5025,23.72,10.02,49.6575,32.22,24.85,142.75,15.729067,29.43,38.7,30.141608,24.26,5.543322,47.038607,33.549419,22.101663
2010-07-01,18.3375,21.004,30.45,14.649985,40.41,157.49,37.335,12.525,23.52,9.05,50.72,30.76,25.42,142.75,15.729067,31.86,38.7,31.963159,25.07,5.857766,47.038607,37.481601,24.809416
2010-06-01,17.6875,19.953,28.4,15.521413,40.41,143.4,34.755,11.415,22.55,9.05,48.93,31.06,24.38,142.75,15.729067,29.73,38.7,28.221085,24.69,5.514433,47.038607,33.649673,26.288189
2010-05-01,18.115,20.177,29.07,15.878556,40.41,167.88,35.715,11.8875,21.81,9.05,51.3,33.47,24.69,142.75,15.729067,29.12,38.7,31.529569,27.2,5.805544,47.038607,36.082502,30.214931
2010-04-01,22.5575,24.804,30.31,14.128557,40.41,184.0,37.83,12.7825,24.22,9.05,53.8,32.06,26.27,142.75,15.729067,31.03,38.7,34.649535,31.13,6.227765,47.038607,40.618435,33.212444
2010-03-01,22.7575,25.4,32.67,10.534275,40.41,217.76,36.65,12.69,24.42,9.05,64.38,36.58,24.55,142.75,15.729067,29.02,38.7,29.710374,30.88,5.655544,47.038607,38.622268,32.363149
2010-02-01,21.32,22.437,33.86,9.435705,40.41,218.8,33.685,12.0525,23.22,9.05,61.87,34.26,23.73,142.75,15.729067,28.14,38.7,25.553561,28.52,5.273323,47.038607,32.428803,28.506349
2010-01-01,20.5075,24.99,33.0,8.892848,40.41,213.82,30.25,11.26,21.56,9.05,63.72,33.77,22.55,142.75,15.729067,26.79,38.7,24.724083,29.09,4.762213,47.038607,31.475277,27.846896
2009-12-01,21.865,25.598,30.48,7.869992,40.41,232.2,31.95,12.12,22.08,9.05,58.29,35.27,22.51,142.75,15.729067,28.31,38.7,25.685523,27.97,5.387767,47.038607,31.502011,25.348968
2009-11-01,20.25,24.086,28.67,8.375706,40.41,227.08,31.63,11.56,22.55,9.05,54.03,32.08,22.4,142.75,15.729067,28.2,38.7,24.243363,26.64,5.275545,47.038607,30.468282,24.879358
2009-10-01,18.94,21.902,25.95,7.635707,40.41,216.49,27.57,11.4675,23.46,9.05,46.76,27.84,22.31,142.75,15.729067,25.91,38.7,23.54099,26.66,4.686657,47.038607,30.325698,23.890179
2009-09-01,17.2775,20.215,25.04,6.595708,40.41,216.82,29.175,12.05,24.73,9.05,47.36,28.09,24.37,142.75,15.729067,26.57,38.7,25.917635,28.99,4.651102,47.038607,33.925928,27.217418
2009-08-01,17.775,20.263,28.0,6.232851,40.41,199.57,29.905,12.0625,23.54,9.05,52.85,29.43,23.77,142.75,15.729067,25.61,38.7,22.451304,29.61,4.722213,47.038607,33.649673,27.916838
2009-07-01,16.365,19.403,28.06,6.277137,40.41,190.54,28.76,11.8525,20.42,9.05,52.64,28.4,22.9,142.75,15.729067,26.6,38.7,20.15795,27.34,4.457769,47.038607,30.254407,22.861032
2009-06-01,15.565,16.731,24.98,5.905708,40.41,175.42,26.03,11.4275,20.13,9.05,50.89,24.09,21.34,142.75,15.729067,24.41,38.7,20.653944,29.31,3.84777,47.038607,26.743291,21.961779
2009-05-01,16.9275,17.633,26.6,5.631423,40.41,159.5,24.635,10.59,18.92,9.05,46.57,22.17,20.95,142.75,15.729067,22.79,38.7,21.780595,27.78,3.528882,47.038607,28.071099,22.401414
2009-04-01,16.24,18.345,23.52,6.472851,40.41,146.52,24.57,9.33,21.09,9.05,42.76,19.71,22.48,142.75,15.729067,21.0,38.7,21.967072,25.48,3.287771,47.038607,26.511594,23.320651
2009-03-01,13.9,16.748,20.93,6.131422,40.41,130.04,20.555,9.115,20.25,9.05,37.97,17.59,17.0,142.75,15.729067,17.15,38.7,15.253875,28.25,2.872216,47.038607,20.291394,16.905973
2009-02-01,14.1775,15.803,19.65,5.177138,40.41,96.81,18.76,8.155,17.93,9.05,33.92,15.76,15.87,142.75,15.729067,19.9,38.7,13.202621,22.17,2.742217,47.038607,16.450555,16.116628
2009-01-01,12.3375,13.578,28.33,5.162852,40.41,108.8,21.895,7.9375,19.33,9.05,41.45,17.36,23.57,142.75,15.729067,25.86,38.7,15.207256,25.74,3.217771,47.038607,25.602625,19.773594
2008-12-01,13.1125,14.293,26.6,4.269996,40.41,134.15,23.9,9.0925,24.27,9.05,42.13,16.85,25.91,142.75,15.729067,24.79,38.7,18.134956,28.33,3.607771,47.038607,31.06535,27.437236
2008-11-01,13.14,14.53,21.01,3.282854,40.41,125.71,25.02,8.535,25.5,9.05,35.6,12.11,24.8,142.75,15.729067,24.0,38.7,15.654802,30.21,4.13777,47.038607,25.629359,29.945155
2008-10-01,13.8375,14.782,23.73,3.537139,40.41,131.34,33.385,8.34,29.280001,9.05,38.87,16.3,24.36,142.75,15.729067,23.7,38.7,19.458947,32.990002,5.07999,47.038607,29.60387,35.82028
2008-09-01,15.3475,17.733,25.39,4.411424,40.41,194.5,35.58,11.83,31.76,9.05,46.77,33.98,25.66,142.75,15.729067,29.98,38.7,24.326015,32.58,6.063321,47.038607,49.904176,37.768664
2008-08-01,18.975,24.255,30.45,4.40571,40.41,217.25,41.95,12.965,31.93,9.05,52.79,41.88,26.48,142.75,15.729067,32.87,38.7,26.302679,34.61,7.186652,47.038607,48.300113,29.97513
2008-07-01,18.265,24.415,28.08,4.412853,40.41,216.71,41.22,11.955,28.25,9.05,52.45,37.02,25.43,142.75,15.729067,32.5,38.7,24.158185,35.5,7.508874,47.038607,45.243482,27.996771
2008-06-01,20.3275,26.552,26.25,3.724282,40.41,177.0,37.75,11.3425,26.55,9.05,47.66,35.39,24.1,142.75,15.729067,29.7,38.7,24.465873,37.83,6.978875,47.038607,47.025774,22.751124
2008-05-01,21.59,30.865,34.21,4.337139,40.41,224.99,41.155,13.09,27.23,9.05,55.82,40.6,25.53,142.75,15.729067,32.93,38.7,30.684905,44.53,7.673318,47.038607,53.495494,31.443911
2008-04-01,20.8625,27.816,32.63,4.568567,40.41,201.79,36.2975,12.6375,27.59,9.05,49.75,42.71,24.57,142.75,15.729067,31.79,38.7,31.980924,43.53,6.99443,47.038607,54.226234,34.261574
2008-03-01,15.59,22.299,34.36,4.949995,40.41,204.18,31.345,12.0225,24.35,9.05,44.13,40.57,23.62,142.75,15.729067,29.24,38.7,32.036868,41.73,6.229988,47.038607,53.700458,32.033422
2008-02-01,15.59,19.0,46.48,4.511424,40.41,193.25,31.19,13.155,25.47,9.05,70.08,44.58,23.6,142.75,15.729067,30.53,38.7,31.794447,43.87,5.3911,47.038607,51.918166,31.104193
2008-01-01,15.59,20.7,50.84,3.592854,40.41,220.4,31.19,12.8425,27.55,9.05,78.2,49.19,25.39,142.75,15.729067,30.0,38.7,33.528689,46.52,5.384434,47.038607,52.470676,36.189974
2007-12-01,15.59,21.52,58.2,3.802853,40.41,216.8,31.405,13.8725,26.47,9.05,87.73,53.73,24.19,142.75,15.729067,31.35,38.7,31.869038,48.76,4.886657,47.038607,54.912417,30.644575
2007-11-01,15.59,20.065,55.0,3.299997,40.41,198.37,31.535,12.8325,25.12,9.05,84.21,53.61,26.28,142.75,15.729067,33.17,38.7,34.964568,47.96,4.666657,47.038607,58.450266,36.05009
2007-10-01,15.59,18.991,49.15,3.781425,40.41,206.95,32.01,13.85,25.89,9.05,79.23,52.49,26.61,142.75,15.729067,34.19,38.7,38.33049,48.85,4.974434,47.038607,61.355402,36.939352
2007-09-01,15.59,14.797,48.43,2.964268,40.41,173.41,28.265,12.715,25.5,9.05,78.92,53.29,28.97,142.75,15.729067,32.71,38.7,40.530927,44.14,4.747768,47.038607,62.139611,40.356517
2007-08-01,15.59,13.699,50.01,2.502855,40.41,155.1,27.8925,11.63,26.65,9.05,80.59,51.68,29.53,142.75,15.729067,31.09,38.7,41.416696,40.43,4.555546,47.038607,57.077901,39.697064
2007-07-01,15.59,16.08,48.43,2.461426,40.41,159.5,29.785,12.355,27.55,9.05,75.12,51.64,27.58,142.75,15.729067,31.95,38.7,38.740741,42.55,5.267767,47.038607,53.664812,37.388979
2007-06-01,15.59,16.587,51.14,2.769997,40.41,156.59,28.7875,14.2,30.88,9.05,79.83,52.22,27.88,142.75,15.729067,30.64,38.7,40.316477,43.926234,5.008879,47.038607,57.461094,40.646276
2007-05-01,15.59,14.955,54.77,3.128554,40.41,153.54,30.17,14.8125,32.83,9.05,81.41,55.876611,29.4,142.75,15.729067,30.28,38.7,42.936489,42.993438,5.048879,47.038607,60.597928,42.075091
2007-04-01,15.59,11.168,53.06,3.16714,40.41,149.7,28.5625,13.2925,31.76,9.05,78.97,51.863281,27.96,142.75,15.729067,27.93,38.7,42.153283,42.908638,4.796657,47.038607,58.548292,41.585497
2007-03-01,15.59,10.624,52.97,3.312854,40.41,156.31,25.3875,13.265,29.29,9.05,81.1,47.553286,28.33,142.75,15.729067,27.82,38.7,45.649739,42.982838,4.449991,47.038607,56.27587,40.985994
2007-02-01,15.59,10.718,52.18,3.218568,40.41,159.25,24.645,13.24,29.42,9.05,79.39,47.499953,28.63,142.75,15.729067,28.060014,38.7,44.670732,43.067637,4.179992,47.038607,56.284781,42.414809
2007-01-01,15.59,11.155,52.26,3.258568,40.41,167.76,25.25,13.15,29.5,9.05,78.38,44.133289,28.67,142.75,15.729067,28.833348,38.7,44.885181,42.41044,4.08777,47.038607,55.35799,42.224966
2006-12-01,15.59,9.849,53.73,3.694282,40.41,151.9,23.005,13.105,30.66,9.05,78.69,43.856623,29.55,142.75,15.729067,27.113347,38.7,44.493578,41.732043,3.825548,47.038607,52.586525,43.893582
2006-11-01,15.59,10.175,49.08,4.182853,40.41,143.37,22.63,12.7775,31.42,9.05,75.67,42.016625,29.29,142.75,15.729067,27.653347,38.7,42.097339,37.672258,3.984436,47.038607,52.337005,42.974345
2006-10-01,15.59,7.41,48.78,3.951425,40.41,150.84,22.6575,12.35,29.44,9.05,76.32,38.993294,27.85,142.75,15.729067,27.340014,38.7,38.945866,36.432063,3.963325,47.038607,50.911171,43.483922
2006-09-01,15.59,7.035,49.2,3.254282,40.41,149.0,22.0,11.7725,28.15,9.05,77.05,38.773295,26.67,142.75,15.729067,26.80668,38.7,36.02749,37.375459,3.64777,47.038607,50.510155,43.743706
2006-08-01,15.59,5.59,51.95,2.859997,40.41,130.15,20.0875,11.04,26.16,9.05,77.41,37.689962,26.8,142.75,15.729067,25.853346,38.7,35.11375,35.774865,3.357771,47.038607,49.039764,42.764519
2006-07-01,15.59,4.587,47.83,2.955711,40.41,129.16,21.25,10.915,27.03,9.05,74.5,30.416636,27.17,142.75,15.729067,26.773347,38.7,32.801426,35.626466,3.371104,47.038607,46.339592,41.95519
2006-06-01,15.59,4.8,44.78,3.887139,40.41,139.17,23.24,11.34,26.89,9.05,72.77,32.836634,25.34,142.75,15.729067,26.893347,38.7,35.542648,34.131871,3.913326,47.038607,45.635587,41.555522
2006-05-01,15.59,4.494,43.96,3.95571,40.41,134.0,23.2,10.7875,28.03,9.05,71.58,30.913302,26.58,142.75,15.729067,27.200014,38.7,33.719829,35.223667,3.71777,47.038607,45.867285,41.535538
2006-04-01,15.59,4.494,49.74,4.234281,40.41,151.54,22.8025,11.2675,30.67,9.05,71.0,35.666631,27.44,142.75,15.729067,29.340015,38.7,34.064813,37.258859,3.804992,47.038607,46.428707,42.904403
2006-03-01,15.59,4.494,55.86,4.141424,40.41,140.0,23.3375,10.6375,29.36,9.05,77.43,43.539956,27.81,142.75,15.729067,28.340014,38.7,31.980924,38.202256,3.322216,47.038607,43.104732,39.167503
2006-02-01,15.59,4.494,58.23,3.829996,40.41,142.1,22.1375,10.375,30.91,9.05,76.79,40.916626,29.49,142.75,15.729067,25.913346,38.7,31.887686,36.294263,3.076661,47.038607,44.664238,39.49723
2006-01-01,15.59,4.494,59.42,3.93571,40.41,132.8,22.115,10.995,30.39,9.05,76.8,40.533293,29.16,142.75,15.729067,25.233346,38.7,31.067184,33.718473,2.973883,47.038607,44.699883,39.007636
2005-12-01,15.59,4.494,62.14,3.86571,40.41,108.48,20.1275,10.8175,31.76,9.05,79.79,37.233296,30.88,142.75,15.729067,25.033346,38.7,31.221028,33.760873,2.82055,47.038607,43.666154,41.875257
2005-11-01,15.59,4.494,59.86,3.934282,40.41,107.84,19.135,11.3775,30.89,9.05,76.83,37.506629,30.45,142.75,15.729067,23.900012,38.7,30.120809,34.34387,2.702217,47.038607,45.84055,42.514726
2005-10-01,15.59,4.494,57.89,3.772853,40.41,94.8,17.295,10.92,29.15,9.05,74.68,38.623295,29.42,142.75,15.729067,23.566678,38.7,27.7945,33.167275,2.544995,47.038607,44.031524,42.3049
2005-09-01,15.59,4.494,56.2,3.712853,40.41,88.62,17.925,11.4675,30.39,9.05,75.82,39.286627,28.81,142.75,15.729067,23.526678,38.7,29.370237,31.174482,2.582217,47.038607,44.405805,39.017628
2005-08-01,15.59,4.494,51.5,3.079997,40.41,82.15,17.0675,11.225,28.05,9.05,74.25,38.439962,28.56,142.75,15.729067,24.153345,38.7,29.468138,32.404078,2.440551,47.038607,43.648331,40.536367
2005-07-01,15.59,4.494,52.3,2.651426,40.41,85.0,17.5775,11.0925,28.97,9.05,70.74,35.583298,27.89,142.75,15.729067,24.166679,38.7,31.920319,32.626677,2.529995,47.038607,43.790914,41.785331
2005-06-01,15.59,4.494,52.14,2.344283,40.41,80.45,16.2,10.7225,27.7,9.05,69.64,35.676631,27.13,142.75,15.729067,24.006679,38.7,31.803771,30.506685,2.369995,47.038607,40.048101,39.936865
2005-05-01,15.59,4.494,48.58,2.041427,40.41,78.02,16.74,10.7475,29.04,9.05,66.5,32.416634,27.62,142.75,15.729067,23.653345,38.7,31.486759,30.549085,2.309995,47.038607,39.745112,39.90689
2005-04-01,15.59,4.494,47.255,1.649998,40.41,74.96,15.9825,10.575,28.03,9.05,63.875,30.659969,27.84,142.75,15.729067,23.066678,38.7,29.253688,29.616288,2.22944,47.038607,34.665579,39.177495
2005-03-01,15.59,4.494,47.69,1.549998,40.41,74.93,17.425,9.95,30.42,9.05,62.675,29.766637,28.8,142.75,15.729067,22.320011,38.7,31.169747,30.792884,2.313884,47.038607,34.843809,39.047603
2005-02-01,15.59,4.494,45.58,1.52857,40.41,77.61,15.8625,9.485,32.65,9.05,61.03,30.266636,29.86,142.75,15.729067,21.140011,38.7,29.88305,32.064879,2.294995,47.038607,36.572632,39.117545
2005-01-01,15.59,4.494,44.45,1.642856,40.41,80.3,14.9,9.5625,32.5,9.05,60.75,26.749973,29.65,142.75,15.729067,21.980011,38.7,29.454152,31.492481,2.220551,47.038607,35.423054,39.437279
2004-12-01,15.59,4.494,44.015,1.761427,40.41,77.26,16.8125,10.0475,32.9,9.05,57.5,27.189973,32.5,142.75,15.729067,22.360011,38.7,29.360913,35.425066,2.226662,47.038607,36.100324,42.015141
2004-11-01,15.59,4.494,41.425,1.625713,40.41,74.56,15.86,9.6275,28.59,9.05,50.665,23.339977,30.65,142.75,15.729067,20.993344,38.7,26.503142,34.884468,2.118329,47.038607,34.754694,42.414809
2004-10-01,15.59,4.494,36.2,1.352856,40.41,73.5,15.7425,8.885,27.66,9.05,40.2,21.153312,28.1,142.75,15.729067,20.533344,38.7,25.402924,34.40747,2.027774,47.038607,34.175449,41.07592
2004-09-01,15.59,4.494,36.87,2.202855,40.41,73.49,14.65,8.715,45.76,9.05,43.625,23.209977,33.13,142.75,15.729067,19.84001,38.7,24.223452,30.920083,1.844441,47.038607,34.442793,39.657097
2004-08-01,15.59,4.494,33.065,1.992855,40.41,73.09,14.2775,8.695,44.69,9.05,40.62,22.186644,31.86,142.75,15.729067,18.633343,38.7,22.120916,31.587881,1.754441,47.038607,33.195189,39.956848
2004-07-01,15.59,4.494,31.45,2.928569,40.41,61.95,14.085,8.565,44.38,9.05,41.235,20.669979,30.97,142.75,15.729067,19.066676,38.7,22.750279,30.453685,1.738885,47.038607,31.787178,38.697893
2004-06-01,15.59,4.494,31.125,5.142852,40.41,63.83,14.8625,9.7225,45.38,9.05,44.78,22.936644,30.45,142.75,15.729067,19.293343,38.7,23.253768,31.248682,1.820552,47.038607,31.947584,36.939352
2004-05-01,15.59,4.494,32.625,4.702852,40.41,63.1,14.58,9.4325,44.12,9.05,44.265,22.599977,31.85,142.75,15.729067,19.233343,38.7,22.997362,31.87408,1.755552,47.038607,31.68024,37.648763
2004-04-01,15.59,4.494,30.74,3.622854,40.41,62.2,14.7325,9.1575,45.1,9.05,44.29,21.503312,32.23,142.75,15.729067,19.213343,38.7,21.98572,30.888283,1.708885,47.038607,30.744537,34.461408
2004-03-01,15.59,4.494,32.22,4.874281,40.41,61.17,14.955,8.9425,46.3,9.05,45.32,19.673314,32.57,142.75,15.729067,18.046676,38.7,19.836565,33.389874,1.682774,47.038607,31.796089,35.270736
2004-02-01,15.59,4.494,31.0,4.914281,40.41,59.5,15.91,9.64,47.99,9.05,42.975,18.476648,33.65,142.75,15.729067,17.493342,38.7,20.806249,34.979868,1.751663,47.038607,31.323782,37.119203
2004-01-01,15.59,4.494,30.44,5.243566,40.41,58.02,16.1,9.3425,46.93,9.05,40.89,20.673313,31.28,142.75,15.729067,16.633342,38.7,20.694362,33.654873,1.75333,47.038607,29.897948,37.069244
2003-12-01,15.59,4.494,29.09,3.906425,40.41,53.11,17.37,9.885,47.89,9.05,37.5,19.166648,32.49,142.75,15.729067,17.086675,38.7,21.538174,35.107068,1.996663,47.038607,30.004886,38.607967
2003-11-01,15.59,4.494,26.95,3.499997,40.41,50.95,15.92,9.375,44.44,9.05,36.06,17.883315,31.3,142.75,15.729067,16.966675,38.7,21.365682,32.520677,1.882774,47.038607,29.131563,39.327371
2003-10-01,15.59,4.494,25.44,4.092853,40.41,51.35,15.65,8.83,42.75,9.05,34.215,19.016648,29.19,142.75,15.729067,15.500008,38.7,20.139591,33.061275,1.767774,47.038607,27.981984,38.637943
2003-09-01,15.59,4.494,25.16,2.39714,40.41,49.0,14.5425,9.0725,47.61,9.05,35.665,14.883318,28.28,142.75,15.729067,15.093341,38.7,20.060338,30.856484,1.624997,47.038607,24.996645,35.880231
2003-08-01,15.59,4.494,24.715,2.380712,40.41,45.47,15.235,9.7025,50.0,9.05,36.6,15.893317,27.0,142.75,15.729067,16.413342,38.7,19.034711,31.185082,1.79333,47.038607,25.326369,36.489725
2003-07-01,15.59,4.494,26.045,1.871427,40.41,45.17,15.235,9.7675,49.62,9.05,37.755,15.593318,26.53,142.75,15.729067,16.133341,38.7,19.160583,31.92708,1.738885,47.038607,24.702567,34.871068
2003-06-01,15.59,4.494,25.125,1.824998,40.41,45.04,14.505,8.915,51.07,9.05,38.575,15.646651,27.2,142.75,15.729067,15.113341,38.7,17.911182,30.474885,1.671663,47.038607,25.237255,34.271565
2003-05-01,15.59,4.494,23.985,1.607141,40.41,45.39,15.2475,8.28,50.13,9.05,36.675,18.699981,27.25,142.75,15.729067,15.940008,38.7,18.228195,30.676284,1.819441,47.038607,24.925354,34.161656
2003-04-01,15.59,4.494,23.0325,1.62857,40.41,45.48,14.88,7.355,47.68,9.05,34.32,17.433316,24.99,142.75,15.729067,14.306674,38.7,16.741035,28.036894,1.776663,47.038607,25.602625,32.572975
2003-03-01,15.59,4.494,22.9175,1.45357,40.41,43.54,13.75,7.87,42.63,9.05,33.125,15.239985,24.55,142.75,15.729067,13.226673,38.7,14.829639,21.729918,1.584441,47.038607,23.508431,31.403945
2003-02-01,15.59,4.494,20.725,1.222142,40.41,41.6,13.7975,7.975,40.7,9.05,29.805,14.323319,24.47,142.75,15.729067,12.71334,38.7,14.08839,24.146709,1.492219,47.038607,23.321291,32.802784
2003-01-01,15.59,4.494,21.975,0.942856,40.41,42.25,14.265,7.79275,42.63,9.05,31.04,14.556652,25.25,142.75,15.729067,13.65334,38.7,14.54526,26.817899,1.557219,47.038607,23.855978,33.532179
2002-12-01,15.59,4.494,20.875,0.786428,40.41,39.4,14.9675,8.4875,46.21,9.05,31.45,13.706653,29.38,142.75,15.729067,13.986674,38.7,15.323804,25.397504,1.572775,47.038607,24.096588,36.959335
2002-11-01,15.59,4.494,20.3625,0.774999,40.41,40.01,14.475,8.48,47.2,9.05,29.625,14.509985,28.17,142.75,15.729067,14.333341,38.7,16.666444,32.170879,1.536108,47.038607,23.918359,37.958506
2002-10-01,15.59,4.494,22.7375,0.640785,40.41,35.72,14.7625,7.81,46.71,9.05,31.5,12.046655,26.82,142.75,15.729067,13.720007,38.7,14.419388,27.559896,1.53333,47.038607,21.280566,36.219949
2002-09-01,15.59,4.494,21.805,0.692856,40.41,41.42,14.4675,7.02,41.64,9.05,32.5,23.58331,24.65,142.75,15.729067,12.53334,38.7,13.514971,30.464285,1.465553,47.038607,20.282483,35.010952
2002-08-01,15.59,4.494,22.0875,0.936428,40.41,44.25,15.1375,9.2025,48.65,9.05,31.555,28.373305,28.96,142.75,15.729067,13.73334,38.7,15.258537,37.258859,1.934996,47.038607,23.98965,38.018457
2002-07-01,15.59,4.494,21.915,0.95357,40.41,41.95,14.6675,8.6025,47.9,9.05,33.94,29.99997,29.41,142.75,15.729067,11.733339,38.7,15.617507,33.941072,1.920552,47.038607,25.121406,36.98931
2002-06-01,15.59,4.494,22.8875,0.999285,40.41,44.3,15.82,9.1775,48.3,9.05,33.74,32.473301,34.65,142.75,15.729067,12.71334,38.7,17.738691,35.774865,1.947218,47.038607,25.665005,38.568001
2002-05-01,15.59,4.494,22.7,1.076427,40.41,43.0,15.31,10.635,50.45,9.05,35.45,35.349965,35.25,142.75,15.729067,14.01334,38.7,18.852895,38.477855,1.911107,47.038607,29.612782,37.548846
2002-04-01,15.59,4.494,21.9525,1.076427,40.41,46.0,14.2,11.115,50.54,9.05,34.1,36.333297,36.1,142.75,15.729067,13.200007,38.7,20.484575,38.785254,2.00944,47.038607,30.423724,38.048432
2002-03-01,15.59,4.494,19.105,1.076427,40.41,44.6,15.535,11.4975,56.37,9.05,28.785,33.796633,32.77,142.75,15.729067,12.45334,38.7,20.955431,44.541032,2.117218,47.038607,28.071099,38.078407
2002-02-01,15.59,4.494,18.1225,1.076427,40.41,44.5,15.1675,10.685,52.775,9.05,29.05,29.89997,34.86,142.75,15.729067,11.966673,38.7,18.400686,39.898249,2.096662,47.038607,28.409734,36.979319
2002-01-01,15.59,4.494,18.5875,1.076427,40.41,43.0,15.5125,10.61,50.925,9.05,26.6,30.666636,33.0,142.75,15.729067,11.600006,38.7,19.011401,43.438636,2.222218,47.038607,27.073015,35.210786
2001-12-01,15.59,4.494,17.6925,1.076427,40.41,41.7,14.25,10.58,53.725,9.05,24.75,30.883302,34.49,142.75,15.729067,13.31334,38.7,18.950796,43.247837,1.947218,47.038607,28.231505,36.080065
2001-11-01,15.59,4.494,17.8625,1.076427,40.41,38.78,13.7625,9.77,53.485,9.05,25.425,30.40997,36.5,142.75,15.729067,11.500006,38.7,17.538227,41.594243,2.077774,47.038607,24.444135,34.12169
2001-10-01,15.59,4.494,16.4375,1.076427,40.41,43.25,13.0025,9.2975,48.375,9.05,20.94,24.299976,36.54,142.75,15.729067,10.920005,38.7,14.605865,36.050464,1.872218,47.038607,23.971827,32.073389
2001-09-01,15.59,4.494,16.625,1.076427,40.41,44.22,11.725,8.55,48.35,9.05,20.94,27.649972,33.85,142.75,15.729067,10.800005,38.7,15.570887,37.09986,1.749997,47.038607,26.467036,36.419783
2001-08-01,15.59,4.494,17.015,1.076427,40.41,38.05,13.3175,9.028324,46.45,9.05,20.94,29.99997,26.51,142.75,15.729067,13.23334,38.7,20.442617,42.081841,1.963329,47.038607,27.179953,36.749509
2001-07-01,15.59,4.494,16.855,1.076427,40.41,39.85,13.4225,9.563324,50.2,9.05,20.94,33.436633,27.5,142.75,15.729067,13.266673,38.7,22.260775,47.551421,2.173329,47.038607,26.422479,36.879402
2001-06-01,15.59,4.494,15.4375,1.076427,40.41,34.29,13.7275,10.663323,50.5,9.05,20.94,31.939968,26.0,142.75,15.729067,13.23334,38.7,22.069635,50.879808,2.013329,47.038607,27.607703,36.669576
2001-05-01,15.59,4.494,14.375,1.076427,40.41,36.4,14.375,9.184991,52.45,9.05,20.94,31.489969,27.5,142.75,15.729067,12.253339,38.7,22.078959,57.886382,2.066663,47.038607,28.383,36.120032
2001-04-01,15.59,4.494,16.37,1.076427,40.41,33.8,14.2225,9.223324,48.22,9.05,20.94,35.566631,25.22,142.75,15.729067,12.000006,38.7,21.388991,53.211799,1.948329,47.038607,25.843234,35.390637
2001-03-01,15.59,4.494,14.815,1.076427,40.41,36.0,14.0625,7.455722,47.515,9.05,20.94,35.786631,27.7,142.75,15.729067,12.500006,38.7,19.197879,52.194203,1.872218,47.038607,26.778937,35.140844
2001-02-01,15.59,4.494,14.8075,1.076427,40.41,39.4,13.735,8.249992,53.5,9.05,20.94,36.55663,25.53,142.75,15.729067,11.093339,38.7,19.89717,54.886593,1.857774,47.038607,27.491854,36.100048
2001-01-01,15.59,4.494,14.1025,1.076427,40.41,39.92,13.245,8.635408,54.075,9.05,20.94,37.049963,25.87,142.75,15.729067,9.166671,38.7,21.519526,58.013581,1.694441,47.038607,29.247412,36.599634
2000-12-01,15.59,4.494,15.34375,1.076427,40.41,42.0,12.6875,7.906242,58.5,9.05,20.94,44.099956,31.8125,142.75,15.729067,11.458339,38.7,19.696706,58.498529,1.440969,47.038607,31.19011,37.281568
2000-11-01,15.59,4.494,14.664063,1.076427,40.41,43.625,11.625,9.312491,57.5625,9.05,20.94,43.916623,29.5,142.75,15.729067,9.708338,38.7,19.317924,58.498529,1.440969,47.038607,26.4002,33.347332
2000-10-01,15.59,4.494,13.671875,1.076427,40.41,42.625,11.71875,8.739575,65.375,9.05,20.94,40.649959,31.5625,142.75,15.729067,8.958338,38.7,18.880867,61.01602,1.406247,47.038607,24.617908,31.848576
2000-09-01,15.59,4.494,12.34375,1.076427,40.41,32.0,9.734375,9.979157,66.375,9.05,20.94,34.799965,29.5625,142.75,15.729067,8.750004,38.7,16.986952,59.889774,1.211803,47.038607,23.392583,30.100026
2000-08-01,15.59,4.494,11.814941,1.076427,40.41,41.0,9.942383,9.031241,59.320313,9.05,20.94,32.423145,24.5,142.75,15.729067,9.750005,38.7,18.423778,55.604243,1.32031,47.038607,21.665987,27.05958
2000-07-01,15.59,4.494,10.226563,1.076427,40.41,33.75,10.796875,9.302074,61.0,9.05,20.94,33.291633,24.53125,142.75,15.729067,11.166672,38.7,18.531221,49.621063,1.378469,47.038607,18.714066,24.916827
2000-06-01,15.59,4.494,10.71875,1.076427,40.41,29.0,9.296875,7.208326,52.21875,9.05,20.94,31.166636,21.0,142.75,15.729067,10.598964,38.7,16.81213,49.289814,1.177081,47.038607,18.679256,23.855208
2000-05-01,15.59,4.494,9.320313,1.076427,40.41,24.0625,10.625,7.791659,55.03125,9.05,20.94,29.604137,19.34375,142.75,15.729067,11.000006,38.7,16.899541,49.753562,1.208331,47.038607,18.268493,29.2882
2000-04-01,15.59,4.494,8.335938,1.076427,40.41,26.0,10.53125,7.656242,49.28125,9.05,20.94,26.583307,18.625,142.75,15.729067,9.125005,38.7,14.918216,43.526086,1.163192,47.038607,14.759606,26.602928
2000-03-01,15.59,4.494,7.453125,1.076427,40.41,20.25,9.78125,6.19791,55.15625,9.05,20.94,25.249975,16.25,142.75,15.729067,7.29167,38.7,14.685118,44.056084,1.305553,47.038607,14.759606,28.039236
2000-02-01,15.59,4.494,6.390625,1.076427,40.41,21.875,9.5,4.541662,38.6875,9.05,20.94,24.604142,12.78125,142.75,15.729067,7.16667,38.7,12.849479,35.244867,1.232636,47.038607,14.759606,23.480519
2000-01-01,15.59,4.494,6.625,1.076427,40.41,17.5,10.0625,5.656244,47.0,9.05,20.94,23.916643,13.4375,142.75,15.729067,7.833337,38.7,14.481158,43.062338,1.624997,47.038607,14.759606,28.101684
1999-12-01,15.59,4.494,6.640625,1.076427,40.41,17.1875,10.921875,6.38541,47.84375,9.05,20.94,26.85414,16.1875,142.75,15.729067,9.500005,38.7,14.714256,42.39984,1.743052,47.038607,14.759606,27.352306
1999-11-01,15.59,4.494,6.492188,1.076427,40.41,18.375,11.765625,5.916661,39.3125,9.05,20.94,27.416639,13.625,142.75,15.729067,8.291671,38.7,15.18045,42.33359,1.97569,47.038607,14.759606,32.223265
1999-10-01,15.59,4.494,6.460938,1.076427,40.41,15.25,13.9375,5.333328,39.53125,9.05,20.94,24.916642,12.9375,142.75,15.729067,8.166671,38.7,15.704918,44.387333,2.270829,47.038607,14.759606,36.344845
1999-09-01,15.59,4.494,6.085938,1.076427,40.41,15.25,12.015625,5.416661,34.25,9.05,20.94,25.916641,13.3125,142.75,15.729067,7.250004,38.7,15.238724,35.443616,2.354162,47.038607,14.759606,32.348161
1999-08-01,15.59,4.494,7.601563,1.076427,40.41,15.25,12.171875,5.135412,36.40625,9.05,20.94,29.93747,13.65625,142.75,15.729067,7.250004,38.7,15.967153,37.894857,2.427078,47.038607,14.759606,33.472229
1999-07-01,15.59,4.494,7.625,1.076427,40.41,15.25,13.578125,4.968745,38.0,9.05,20.94,29.395804,13.03125,142.75,15.729067,13.45834,38.7,16.345935,39.153602,2.690967,47.038607,14.759606,35.220778
1999-06-01,15.59,4.494,7.828125,1.076427,40.41,15.25,14.578125,5.218745,37.84375,9.05,20.94,29.666637,12.375,142.75,15.729067,16.500008,38.7,17.42401,38.888603,2.520828,47.038607,14.759606,36.657086
1999-05-01,15.59,4.494,7.289063,1.076427,40.41,15.25,14.265625,6.249994,36.375,9.05,20.94,31.083302,12.171875,142.75,15.729067,15.666675,38.7,17.744518,37.894857,2.607634,47.038607,14.759606,36.469742
1999-04-01,15.59,4.494,7.015625,1.076427,40.41,15.25,14.96875,6.506938,38.28125,9.05,20.94,29.062471,11.875,142.75,15.729067,13.70834,38.7,19.521884,42.134841,2.736106,47.038607,14.759606,39.904392
1999-03-01,15.59,4.494,6.578125,1.076427,40.41,15.25,13.359375,5.958327,37.125,9.05,20.94,27.937472,11.5,142.75,15.729067,10.791672,38.7,15.675781,38.093606,2.16319,47.038607,14.759606,36.157501
1999-02-01,15.59,4.494,6.164063,1.076427,40.41,15.25,11.71875,5.222217,35.40625,9.05,20.94,26.166641,11.9375,142.75,15.729067,11.625006,38.7,16.782992,37.03361,2.180551,47.038607,14.759606,37.843602
1999-01-01,15.59,4.494,5.59375,1.076427,40.41,15.25,12.859375,5.437495,31.4375,9.05,20.94,27.458306,12.5,142.75,15.729067,13.750007,38.7,16.375072,37.629858,2.236107,47.038607,14.759606,38.218291
1998-12-01,15.59,4.494,5.382813,1.076427,40.41,15.25,11.265625,5.715272,29.21875,9.05,20.94,25.770808,11.03125,142.75,15.729067,12.291673,38.7,13.519633,42.664839,2.305551,47.038607,14.759606,40.279081
1998-11-01,15.59,4.494,5.640625,1.076427,40.41,15.25,12.15625,4.909717,29.09375,9.05,20.94,25.937474,11.59375,142.75,15.729067,12.416673,38.7,13.694456,36.636112,2.315968,47.038607,14.759606,36.906879
1998-10-01,15.59,4.494,5.375,1.076427,40.41,15.25,11.90625,5.166662,27.75,9.05,20.94,24.312476,10.59375,142.75,15.729067,14.583341,38.7,12.52897,33.456124,2.180551,47.038607,14.759606,35.720363
1998-09-01,15.59,4.494,4.375,1.076427,40.41,15.25,10.65625,5.11805,24.875,9.05,20.94,22.041645,10.3125,142.75,15.729067,13.000007,38.7,11.130387,29.017391,2.336801,47.038607,14.759606,29.912682
1998-08-01,15.59,4.494,4.515625,1.076427,40.41,15.25,9.953125,4.333329,24.15625,9.05,20.94,19.395814,9.25,142.75,15.729067,10.750005,38.7,13.082576,25.969902,2.083329,47.038607,14.759606,27.976788
1998-07-01,15.59,4.494,7.0625,1.076427,40.41,15.25,10.5,4.902773,30.53125,9.05,20.94,22.020811,9.796875,142.75,15.729067,16.666675,38.7,15.151313,33.919872,2.246523,47.038607,14.759606,35.095881
1998-06-01,15.59,4.494,7.960938,1.076427,40.41,15.25,11.0,4.718745,30.21875,9.05,20.94,22.999977,11.1875,142.75,15.729067,16.666675,38.7,15.093038,32.263628,2.527773,47.038607,14.759606,33.784469
1998-05-01,15.59,4.494,8.0,1.076427,40.41,15.25,12.09375,4.368051,29.1875,9.05,20.94,22.833311,10.78125,142.75,15.729067,16.666675,38.7,16.20025,32.396128,2.652772,47.038607,14.759606,33.066315
1998-04-01,15.59,4.494,8.78125,1.076427,40.41,15.25,13.6875,4.842588,30.375,9.05,20.94,22.993033,10.96875,142.75,15.729067,16.666675,38.7,14.918216,31.303007,2.916661,47.038607,14.759606,33.597125
1998-03-01,15.59,4.494,8.09375,1.076427,40.41,15.25,14.078125,4.69444,29.104167,9.05,20.94,22.777755,10.828125,142.75,15.729067,16.666675,38.7,16.695581,33.290499,3.305549,47.038607,14.759606,33.815694
1998-02-01,15.59,4.494,7.585938,1.076427,40.41,15.25,12.78125,4.055552,28.895833,9.05,20.94,21.222201,10.328125,142.75,15.729067,16.666675,38.7,16.695581,31.038008,3.107633,47.038607,14.759606,31.005525
1998-01-01,15.59,4.494,6.40625,1.076427,40.41,15.25,15.0,3.842589,24.625,9.05,20.94,18.840259,9.25,142.75,15.729067,16.666675,38.7,16.695581,28.719267,2.944439,47.038607,14.759606,29.44432
1997-12-01,15.59,4.494,6.210938,1.076427,40.41,15.25,15.65625,3.638885,24.854167,9.05,20.94,19.152759,8.609375,142.75,15.729067,16.666675,38.7,16.695581,30.640509,2.999994,47.038607,14.759606,32.004696
1997-11-01,15.59,4.494,6.507813,1.076427,40.41,15.25,14.96875,3.592589,24.8125,9.05,20.94,18.583315,8.9375,142.75,15.729067,16.666675,38.7,16.695581,28.487393,2.906244,47.038607,14.759606,27.22741
1997-10-01,15.59,4.494,5.789063,1.076427,40.41,15.25,15.3125,3.314812,23.75,9.05,20.94,17.249983,8.75,142.75,15.729067,16.666675,38.7,16.695581,24.943031,3.055549,47.038607,14.759606,27.196186
1997-09-01,15.59,4.494,6.25,1.076427,40.41,15.25,15.65625,3.249997,25.541667,9.05,20.94,20.694424,9.3125,142.75,15.729067,16.666675,38.7,16.695581,25.439904,3.249994,47.038607,14.759606,26.6966
1997-08-01,15.59,4.494,6.078125,1.076427,40.41,15.25,16.234375,3.33333,22.75,9.05,20.94,20.37498,8.9375,142.75,15.729067,16.666675,38.7,16.695581,23.651161,3.177077,47.038607,14.759606,25.85355
1997-07-01,15.59,4.494,7.125,1.076427,40.41,15.25,17.921875,3.555552,25.8125,9.05,20.94,22.166644,9.0625,142.75,15.729067,16.666675,38.7,16.695581,25.771153,3.430549,47.038607,14.759606,25.541309
1997-06-01,15.59,4.494,6.5,1.076427,40.41,15.25,17.453125,3.305552,23.791667,9.05,20.94,19.722202,9.4375,142.75,15.729067,16.666675,38.7,16.695581,23.121163,3.083327,47.038607,14.759606,22.481348
1997-05-01,15.59,4.494,7.0625,1.076427,40.41,15.25,16.9375,3.046293,21.958333,9.05,20.94,19.305536,7.9375,142.75,15.729067,16.666675,38.7,16.695581,22.591165,2.944439,47.038607,14.759606,19.98342
1997-04-01,15.59,4.494,6.078125,1.076427,40.41,15.25,15.9375,2.796294,20.083333,9.05,20.94,16.708317,7.8125,142.75,15.729067,16.666675,38.7,16.695581,20.934921,2.590273,47.038607,14.759606,19.608731
1997-03-01,15.59,4.494,5.953125,1.076427,40.41,15.25,14.1875,2.759257,18.875,9.05,20.94,16.222206,8.21875,142.75,15.729067,16.666675,38.7,16.695581,19.477427,2.583328,47.038607,14.759606,18.60956
1997-02-01,15.59,4.494,6.25,1.076427,40.41,15.25,15.0625,2.425924,19.5,9.05,20.94,16.986094,7.6875,142.75,15.729067,16.666675,38.7,16.695581,20.471173,2.562495,47.038607,14.759606,19.421386
1997-01-01,15.59,4.494,6.09375,1.076427,40.41,15.25,15.0,2.476849,17.958333,9.05,20.94,16.847205,7.53125,142.75,15.729067,16.666675,38.7,16.695581,19.278677,2.694439,47.038607,14.759606,19.358938
1996-12-01,15.59,4.494,5.625,1.076427,40.41,15.25,15.03125,2.72222,17.333333,9.05,20.94,15.18054,7.75,142.75,15.729067,16.666675,38.7,16.695581,17.887433,2.347218,47.038607,14.759606,18.109974
1996-11-01,15.59,4.494,5.390625,1.076427,40.41,15.25,14.5625,2.796294,18.895833,9.05,20.94,15.708318,7.6875,142.75,15.729067,16.666675,38.7,16.695581,19.013678,2.597217,47.038607,14.759606,18.359767
1996-10-01,15.59,4.494,4.71875,1.076427,40.41,15.25,14.03125,2.84259,17.354167,9.05,20.94,14.499985,7.34375,142.75,15.729067,16.666675,38.7,16.695581,17.556184,2.395829,47.038607,14.759606,17.298148
1996-09-01,15.59,4.494,5.203125,1.076427,40.41,15.25,18.3125,2.833331,16.1875,9.05,20.94,13.319431,8.59375,142.75,15.729067,16.666675,38.7,16.695581,15.568691,2.80555,47.038607,14.759606,16.611218
1996-08-01,15.59,4.494,4.828125,1.076427,40.41,15.25,18.21875,2.509257,15.5,9.05,20.94,12.902765,8.5,142.75,15.729067,16.666675,38.7,16.695581,14.773694,2.812494,47.038607,14.759606,15.612047
1996-07-01,15.59,4.494,4.21875,1.076427,40.41,15.25,17.125,2.481479,15.104167,9.05,20.94,11.833321,7.875,142.75,15.729067,16.666675,38.7,16.695581,13.647449,2.68055,47.038607,14.759606,14.612876
1996-06-01,15.59,4.494,6.3125,1.076427,40.41,15.25,17.46875,2.22222,16.083333,9.05,20.94,13.097209,8.0,142.75,15.729067,16.666675,38.7,16.695581,13.581199,2.68055,47.038607,14.759606,15.86184
1996-05-01,15.59,4.494,6.859375,1.076427,40.41,15.25,17.53125,2.324072,15.604167,9.05,20.94,12.763876,8.03125,142.75,15.729067,16.666675,38.7,16.695581,13.746823,2.749995,47.038607,14.759606,14.612876
1996-04-01,15.59,4.494,7.3125,1.076427,40.41,15.25,17.03125,2.259257,15.666667,9.05,20.94,12.59721,8.125,142.75,15.729067,16.666675,38.7,16.695581,12.885576,2.847217,47.038607,14.759606,13.925946
1996-03-01,15.59,4.494,7.6875,1.076427,40.41,15.25,17.15625,2.074072,15.479167,9.05,20.94,12.694432,9.09375,142.75,15.729067,16.666675,38.7,16.695581,13.647449,2.534717,47.038607,14.759606,13.863498
1996-02-01,15.59,4.494,8.140625,1.076427,40.41,15.25,16.5,2.296294,16.1875,9.05,20.94,13.166653,9.78125,142.75,15.729067,16.666675,38.7,16.695581,13.746823,2.493051,47.038607,14.759606,13.988394
1996-01-01,15.59,4.494,7.84375,1.076427,40.41,15.25,16.65625,1.999998,15.166667,9.05,20.94,13.180542,9.3125,142.75,15.729067,16.666675,38.7,16.695581,13.581199,2.576384,47.038607,14.759606,14.550428
1995-12-01,15.59,4.494,8.171875,1.076427,40.41,15.25,16.5,2.22222,14.791667,9.05,20.94,11.472211,9.3125,142.75,15.729067,16.666675,38.7,16.695581,12.918701,2.534717,47.038607,14.759606,13.114119
1995-11-01,15.59,4.494,7.859375,1.076427,40.41,15.25,16.9375,1.962961,14.458333,9.05,20.94,12.22221,8.1875,142.75,15.729067,16.666675,38.7,16.695581,12.488078,2.434023,47.038607,14.759606,13.114119
1995-10-01,15.59,4.494,6.640625,1.076427,40.41,15.25,16.34375,1.907406,13.645833,9.05,20.94,11.013878,8.84375,142.75,15.729067,16.666675,38.7,16.695581,11.129958,2.326384,47.038607,14.759606,12.864327
1995-09-01,15.59,4.494,6.109375,1.076427,40.41,15.25,16.5625,2.138887,14.645833,9.05,20.94,11.569433,8.875,142.75,15.729067,16.666675,38.7,16.695581,12.322454,2.336801,47.038607,14.759606,13.114119
1995-08-01,15.59,4.494,5.28125,1.076427,40.41,15.25,16.375,2.111109,13.729167,9.05,20.94,10.749989,9.1875,142.75,15.729067,16.666675,38.7,16.695581,11.527457,2.291662,47.038607,14.759606,13.363912
1995-07-01,15.59,4.494,5.625,1.076427,40.41,15.25,16.28125,2.092591,13.166667,9.05,20.94,8.958324,9.40625,142.75,15.729067,16.666675,38.7,16.695581,10.633085,2.329856,47.038607,14.759606,11.990052
1995-06-01,15.59,4.494,5.171875,1.076427,40.41,15.25,13.84375,2.083331,13.520833,9.05,20.94,8.624991,9.09375,142.75,15.729067,16.666675,38.7,16.695581,10.699335,2.086801,47.038607,14.759606,11.990052
1995-05-01,15.59,4.494,4.65625,1.076427,40.41,15.25,13.84375,1.953702,13.270833,9.05,20.94,8.305547,8.71875,142.75,15.729067,16.666675,38.7,16.695581,10.798709,2.118051,47.038607,14.759606,10.865985
1995-04-01,15.59,4.494,4.53125,1.076427,40.41,15.25,13.71875,1.962961,13.0625,9.05,20.94,8.069436,8.5625,142.75,15.729067,16.666675,38.7,16.695581,8.711842,2.215273,47.038607,14.759606,10.241503
1995-03-01,15.59,4.494,5.84375,1.076427,40.41,15.25,13.71875,1.962961,13.6875,9.05,20.94,8.305547,8.84375,142.75,15.729067,16.666675,38.7,16.695581,8.744967,2.187496,47.038607,14.759606,9.929262
1995-02-01,15.59,4.494,5.375,1.076427,40.41,15.25,13.0625,1.944443,13.666667,9.05,20.94,8.416658,8.75,142.75,15.729067,16.666675,38.7,16.695581,8.877467,2.159718,47.038607,14.759606,11.178226
1995-01-01,15.59,4.494,6.0625,1.076427,40.41,15.25,12.5625,1.597221,13.291667,9.05,20.94,7.513881,8.53125,142.75,15.729067,16.666675,38.7,16.695581,7.94997,1.989579,47.038607,14.759606,10.116606
1994-12-01,15.59,4.494,5.640625,1.076427,40.41,15.25,11.375,1.592591,13.208333,9.05,20.94,7.069437,8.0,142.75,15.729067,16.666675,38.7,16.695581,7.684971,1.934024,47.038607,14.759606,9.554573
1994-11-01,15.59,4.494,5.953125,1.076427,40.41,15.25,11.625,1.574073,12.020833,9.05,20.94,7.04166,7.84375,142.75,15.729067,16.666675,38.7,16.695581,7.386847,1.930552,47.038607,14.759606,9.179884
1994-10-01,15.59,4.494,6.59375,1.076427,40.41,15.25,12.21875,1.740739,12.5,9.05,20.94,7.319437,8.1875,142.75,15.729067,16.666675,38.7,16.695581,8.446843,2.013885,47.038607,14.759606,10.303951
1994-09-01,15.59,4.494,6.625,1.076427,40.41,15.25,13.40625,1.592591,13.020833,9.05,20.94,6.847215,8.21875,142.75,15.729067,16.666675,38.7,16.695581,7.850595,1.902774,47.038607,14.759606,10.303951
1994-08-01,15.59,4.494,6.53125,1.076427,40.41,15.25,14.40625,1.685184,14.1875,9.05,20.94,7.444437,8.1875,142.75,15.729067,16.666675,38.7,16.695581,8.579343,2.145829,47.038607,14.759606,10.428847
1994-07-01,15.59,4.494,5.6875,1.076427,40.41,15.25,14.75,1.629628,14.208333,9.05,20.94,7.597215,7.90625,142.75,15.729067,16.666675,38.7,16.695581,8.380593,2.156246,47.038607,14.759606,10.553744
1994-06-01,15.59,4.494,5.640625,1.076427,40.41,15.25,14.15625,1.518517,13.895833,9.05,20.94,8.111103,7.75,142.75,15.729067,16.666675,38.7,16.695581,7.651846,2.097218,47.038607,14.759606,9.99171
1994-05-01,15.59,4.494,6.015625,1.076427,40.41,15.25,14.75,1.513887,14.5,9.05,20.94,7.65277,8.03125,142.75,15.729067,16.666675,38.7,16.695581,7.817471,2.124996,47.038607,14.759606,10.179055
1994-04-01,15.59,4.494,5.1875,1.076427,40.41,15.25,14.75,1.648147,14.083333,9.05,20.94,6.499993,7.9375,142.75,15.729067,16.666675,38.7,16.695581,7.33716,2.16319,47.038607,14.759606,9.741917
1994-03-01,15.59,4.494,5.34375,1.076427,40.41,15.25,14.1875,1.509258,13.833333,9.05,20.94,6.597216,7.125,142.75,15.729067,16.666675,38.7,16.695581,6.757475,2.277773,47.038607,14.759606,9.554573
1994-02-01,15.59,4.494,5.164063,1.076427,40.41,15.25,14.9375,1.48148,13.8125,9.05,20.94,7.27777,7.5625,142.75,15.729067,16.666675,38.7,16.695581,7.20466,2.44444,47.038607,14.759606,9.99171
1994-01-01,15.59,4.494,5.34375,1.076427,40.41,15.25,16.34375,1.425925,13.708333,9.05,20.94,7.680548,7.75,142.75,15.729067,16.666675,38.7,16.695581,7.469659,2.548606,47.038607,14.759606,10.054158
1993-12-01,15.59,4.494,4.742188,1.076427,40.41,15.25,15.65625,1.425925,13.541667,9.05,20.94,6.972215,9.0625,142.75,15.729067,16.666675,38.7,16.695581,7.552472,2.274301,47.038607,14.759606,9.866814
1993-11-01,15.59,4.494,4.523438,1.076427,40.41,15.25,15.875,1.61111,13.354167,9.05,20.94,7.027771,8.5625,142.75,15.729067,16.666675,38.7,16.695581,7.370285,2.305551,47.038607,14.759606,9.617021
1993-10-01,15.59,4.494,4.367188,1.076427,40.41,15.25,15.8125,1.592591,13.583333,9.05,20.94,7.458326,9.25,142.75,15.729067,16.666675,38.7,16.695581,7.055598,2.249996,47.038607,14.759606,10.428847
1993-09-01,15.59,4.494,4.289063,1.076427,40.41,15.25,15.625,1.574073,14.541667,9.05,20.94,7.222215,8.0,142.75,15.729067,16.666675,38.7,16.695581,7.502784,2.156246,47.038607,14.759606,10.241503
1993-08-01,15.59,4.494,3.703125,1.076427,40.41,15.25,16.5625,1.537036,15.041667,9.05,20.94,7.194437,7.875,142.75,15.729067,16.666675,38.7,16.695581,7.072161,2.208329,47.038607,14.759606,10.428847
1993-07-01,15.59,4.494,3.945313,1.076427,40.41,15.25,15.90625,1.48148,14.625,9.05,20.94,6.54166,7.875,142.75,15.729067,16.666675,38.7,16.695581,7.221223,2.111107,47.038607,14.759606,10.67864
1993-06-01,15.59,4.494,4.015625,1.076427,40.41,15.25,15.25,1.407406,14.5625,9.05,20.94,6.763882,8.21875,142.75,15.729067,16.666675,38.7,16.695581,7.867158,1.986107,47.038607,14.759606,10.928433
1993-05-01,15.59,4.494,3.734375,1.076427,40.41,15.25,15.4375,1.425925,14.979167,9.05,20.94,6.555549,8.34375,142.75,15.729067,16.666675,38.7,16.695581,7.33716,1.972218,47.038607,14.759606,10.179055
1993-04-01,15.59,4.494,3.375,1.076427,40.41,15.25,15.375,1.320986,14.916667,9.05,20.94,6.763882,8.375,142.75,15.729067,16.666675,38.7,16.695581,7.121848,2.003468,47.038607,14.759606,10.303951
1993-03-01,15.59,4.494,3.21875,1.076427,40.41,15.25,15.15625,1.530863,15.8125,9.05,20.94,6.888882,8.875,142.75,15.729067,16.666675,38.7,16.695581,7.651846,1.874996,47.038607,14.759606,10.928433
1993-02-01,15.59,4.494,2.765625,1.076427,40.41,15.25,14.75,1.345678,15.791667,9.05,20.94,6.847215,8.375,142.75,15.729067,16.666675,38.7,16.695581,7.353722,1.947913,47.038607,14.759606,10.303951
1993-01-01,15.59,4.494,4.03125,1.076427,40.41,15.25,14.59375,1.469134,15.1875,9.05,20.94,6.888882,7.0,142.75,15.729067,16.666675,38.7,16.695581,7.502784,2.048607,47.038607,14.759606,10.428847
1992-12-01,15.59,4.494,3.554688,1.076427,40.41,15.25,14.625,1.246912,15.229167,9.05,20.94,6.513882,7.0625,142.75,15.729067,16.666675,38.7,16.695581,7.138411,1.909718,47.038607,14.759606,9.804365
1992-11-01,15.59,4.494,3.40625,1.076427,40.41,15.25,15.0625,1.185184,15.375,9.05,20.94,6.305549,6.90625,142.75,15.729067,16.666675,38.7,16.695581,6.889974,1.909718,47.038607,14.759606,8.368057
1992-10-01,15.59,4.494,3.257813,1.076427,40.41,15.25,13.875,1.135801,15.541667,9.05,20.94,5.708328,6.90625,142.75,15.729067,16.666675,38.7,16.695581,6.177789,1.819441,47.038607,14.759606,8.61785
1992-09-01,15.59,4.494,3.140625,1.076427,40.41,15.25,13.59375,1.160493,15.041667,9.05,20.94,5.55555,7.0,142.75,15.729067,16.666675,38.7,16.695581,5.829978,1.638886,47.038607,14.759606,8.492954
1992-08-01,15.59,4.494,2.664063,1.076427,40.41,15.25,12.9375,1.19753,14.041667,9.05,20.94,5.666661,6.5625,142.75,15.729067,16.666675,38.7,16.695581,5.581541,1.638886,47.038607,14.759606,8.368057
1992-07-01,15.59,4.494,2.875,1.076427,40.41,15.25,12.96875,1.222221,12.979167,9.05,20.94,6.083327,6.0625,142.75,15.729067,16.666675,38.7,16.695581,5.449042,1.871524,47.038607,14.759606,8.680298
1992-06-01,15.59,4.494,2.59375,1.076427,40.41,15.25,12.53125,1.086419,12.916667,9.05,20.94,6.194438,5.46875,142.75,15.729067,16.666675,38.7,16.695581,5.349667,1.760413,47.038607,14.759606,8.118264
1992-05-01,15.59,4.494,2.773438,1.076427,40.41,15.25,13.3125,1.168723,12.9375,9.05,20.94,5.722216,5.8125,142.75,15.729067,16.666675,38.7,16.695581,5.564979,1.850691,47.038607,14.759606,8.867643
1992-04-01,15.59,4.494,2.390625,1.076427,40.41,15.25,13.3125,1.144032,12.958333,9.05,20.94,5.749994,5.46875,142.75,15.729067,16.666675,38.7,16.695581,5.266855,1.743052,47.038607,14.759606,7.743575
1992-03-01,15.59,4.494,2.476563,1.076427,40.41,15.25,11.75,1.086419,12.604167,9.05,20.94,5.652772,6.03125,142.75,15.729067,16.666675,38.7,16.695581,5.515292,1.624997,47.038607,14.759606,7.119093
1992-02-01,15.59,4.494,2.5,1.076427,40.41,15.25,11.875,1.061727,12.479167,9.05,20.94,6.097216,6.03125,142.75,15.729067,16.666675,38.7,16.695581,5.349667,1.656247,47.038607,14.759606,7.056645
1992-01-01,15.59,4.494,2.601563,1.076427,40.41,15.25,11.375,1.152262,12.625,9.05,20.94,5.999994,5.84375,142.75,15.729067,16.666675,38.7,16.695581,4.819669,1.58333,47.038607,14.759606,6.931749
1991-12-01,15.59,4.494,2.328125,1.076427,40.41,15.25,12.9375,1.242797,13.5625,9.05,20.94,6.79166,5.59375,142.75,15.729067,16.666675,38.7,16.695581,4.090922,1.607636,47.038607,14.759606,6.931749
1991-11-01,15.59,4.494,1.878906,1.076427,40.41,15.25,11.25,1.131686,11.979167,9.05,20.94,5.791661,5.5,142.75,15.729067,16.666675,38.7,16.695581,3.743111,1.350692,47.038607,14.759606,7.306438
1991-10-01,15.59,4.494,2.0,1.076427,40.41,15.25,12.21875,1.127571,12.541667,9.05,20.94,5.777772,5.125,142.75,15.729067,16.666675,38.7,16.695581,4.372484,1.534719,47.038607,14.759606,6.806852
1991-09-01,15.59,4.494,1.6875,1.076427,40.41,15.25,11.6875,1.053497,12.916667,9.05,20.94,5.027773,4.90625,142.75,15.729067,16.666675,38.7,16.695581,4.041235,1.461803,47.038607,14.759606,6.307267
1991-08-01,15.59,4.494,1.609375,1.076427,40.41,15.25,11.07825,0.983538,12.75,9.05,20.94,4.722217,5.0,142.75,15.729067,16.666675,38.7,16.695581,4.190297,1.444442,47.038607,14.759606,6.744404
1991-07-01,15.59,4.494,1.570313,1.076427,40.41,15.25,11.25,0.938271,13.020833,9.05,20.94,4.999995,5.03125,142.75,15.729067,16.666675,38.7,16.695581,4.140609,1.319442,47.038607,14.759606,6.369715
1991-06-01,15.59,4.494,1.402344,1.076427,40.41,15.25,10.4375,0.883401,13.041667,9.05,20.94,5.18055,5.78125,142.75,15.729067,16.666675,38.7,16.695581,3.627174,1.260414,47.038607,14.759606,5.495441
1991-05-01,15.59,4.494,1.53125,1.076427,40.41,15.25,10.96875,0.872427,13.041667,9.05,20.94,5.777772,5.53125,142.75,15.729067,16.666675,38.7,16.695581,4.107485,1.298609,47.038607,14.759606,5.432992
1991-04-01,15.59,4.494,1.230469,1.076427,40.41,15.25,9.9845,0.850479,13.0625,9.05,20.94,5.472217,6.25,142.75,15.729067,16.666675,38.7,16.695581,3.411862,1.111109,47.038607,14.759606,5.370544
1991-03-01,15.59,4.494,1.226563,1.076427,40.41,15.25,9.125,0.76271,14.3125,9.05,20.94,5.916661,7.0,142.75,15.729067,16.666675,38.7,16.695581,3.87561,1.024304,47.038607,14.759606,5.620337
1991-02-01,15.59,4.494,0.941406,1.076427,40.41,15.25,9.64075,0.74897,12.458333,9.05,20.94,5.416661,6.375,142.75,15.729067,16.666675,38.7,16.695581,3.560924,1.052081,47.038607,14.759606,4.933407
1991-01-01,15.59,4.494,0.859375,1.076427,40.41,15.25,9.297,0.674896,11.958333,9.05,20.94,4.916662,5.65625,142.75,15.729067,16.666675,38.7,16.695581,2.765927,0.989581,47.038607,14.759606,4.683614
1990-12-01,15.59,4.494,0.726563,1.076427,40.41,15.25,8.82825,0.683127,13.0,9.05,20.94,4.541662,5.8125,142.75,15.729067,16.666675,38.7,16.695581,2.351866,0.881943,47.038607,14.759606,4.995855
1990-11-01,15.59,4.494,0.632813,1.076427,40.41,15.25,8.375,0.603566,12.666667,9.05,20.94,4.416662,6.03125,142.75,15.729067,16.666675,38.7,16.695581,2.384991,0.826387,47.038607,14.759606,4.371373
1990-10-01,15.59,4.494,0.550781,1.076427,40.41,15.25,7.82825,0.524027,11.041667,9.05,20.94,3.763885,5.15625,142.75,15.729067,16.666675,38.7,16.695581,1.871555,0.743054,47.038607,14.759606,4.49627
1990-09-01,15.59,4.494,0.503906,1.076427,40.41,15.25,8.3125,0.438957,10.3125,9.05,20.94,4.19444,5.1875,142.75,15.729067,16.666675,38.7,16.695581,2.335304,0.743054,47.038607,14.759606,4.371373
1990-08-01,15.59,4.494,0.535156,1.076427,40.41,15.25,8.9375,0.510288,11.708333,9.05,20.94,4.69444,5.0625,142.75,15.729067,16.666675,38.7,16.695581,3.113738,0.833332,47.038607,14.759606,5.370544
1990-07-01,15.59,4.494,0.59375,1.076427,40.41,15.25,9.3595,0.548718,12.479167,9.05,20.94,5.222217,5.71875,142.75,15.729067,16.666675,38.7,16.695581,3.378737,0.954859,47.038607,14.759606,5.87013
1990-06-01,15.59,4.494,0.539063,1.076427,40.41,15.25,8.76575,0.537722,12.791667,9.05,20.94,5.569439,5.75,142.75,15.729067,16.666675,38.7,16.695581,4.223422,0.944443,47.038607,14.759606,5.620337
1990-05-01,15.59,4.494,0.472656,1.076427,40.41,15.25,8.89075,0.521261,13.208333,9.05,20.94,5.777772,5.59375,142.75,15.729067,16.666675,38.7,16.695581,4.935606,0.934026,47.038607,14.759606,6.619508
1990-04-01,15.59,4.494,0.335938,1.076427,40.41,15.25,8.5,0.48834,11.229167,9.05,20.94,5.111106,5.375,142.75,15.729067,16.666675,38.7,16.695581,4.07436,0.899304,47.038607,14.759606,6.369715
1990-03-01,15.59,4.494,0.304688,1.076427,40.41,15.25,9.0625,0.482875,11.895833,9.05,20.94,5.624994,5.8125,142.75,15.729067,16.666675,38.7,16.695581,4.538108,0.94097,47.038607,14.759606,7.119093
1990-02-01,15.59,4.494,0.292969,1.076427,40.41,15.25,9.5,0.455418,12.916667,9.05,20.94,5.652772,5.71875,142.75,15.729067,16.666675,38.7,16.695581,5.001856,0.979165,47.038607,14.759606,6.869301
1990-01-01,15.59,4.494,0.289063,1.076427,40.41,15.25,9.297,0.455418,12.645833,9.05,20.94,5.486106,5.53125,142.75,15.729067,16.666675,38.7,16.695581,4.703732,0.927081,47.038607,14.759606,6.369715
