year,0111145D,0202445Q,0203524D,0226226D,0544749D,0574018D,0772031D,0848680D,0867887D,0910150D,0948669D,0961514D,0964591D,1028411Q,1086832D,1255173D,1255459D,1280712D,1281683D,1284849D,1288453D,1288652D,1293405D,1312089D,1317355D,1431816D,1436513D,1448062D,1500785D,1518855D,1519128D,1520415D,1524867D,1528159D,1539941D,1541931D,1566019D,1649858D,1654539D,1683351D,1683997D,1684442D,1697067D,1704453D,1715651D,1719868D,1746513D,1752754D,1799685D,1806854D,1810430D,1812212D,1822785D,1825471D,1831877D,1837572D,1856613D,1858968D,1920486D,1922150D,1927294D,1972693D,1996074D,1996760D,2071296D,2073714D,2078185D,2207158D,2213185D,2217347D,2258717D,2307532Q,2326007D,2326248D,2370058D,2499073D,2502261D,2641504Q,2676187Q,2942331Q,2968900Q,2987536Q,2999130Q,3022239Q,3026360Q,3029830Q,3080867Q,3133754Q,3153670Q,3286728Q,3362726Q,3393199Q,3403545Q,3414924Q,3423152Q,3517233Q,355488Q,3605818Q,3621240Q,3692470Q,4621824Q,502466Q,519239Q,5656565D,605018Q,605555Q,653707Q,723588Q,764144Q,8206908Q,8277831Q,8394653Q,929530Q,945852Q,987200Q,9876544D,9876549D,9876566D,9903115D,9980328D,9983490D,9990213D,9990253D,9991429D,9995522D,A,AA,AAL,AAP,AAPL,ABBV,ABKFQ,ABMD,ABNB,ABT,ACAS,ACGL,ACN,ADBE,ADI,ADM,ADP,ADSK,AEE,AEP,AES,AET,AFL,AGN,AIG,AIV,AIZ,AJG,AKAM,AKS,ALB,ALGN,ALK,ALL,ALLE,ALXN,AMAT,AMCC,AMCR,AMD,AME,AMG,AMGN,AMP,AMT,AMZN,AN,ANDV,ANDW,ANET,ANF,ANRZQ,ANSS,AON,AOS,APA,APC,APD,APH,APOL,APTV,ARE,ARG,ASH,ATGE,ATI,ATO,ATVI,AVB,AVGO,AVP,AVY,AW,AWE,AWK,AXON,AXP,AYE,AYI,AZO,BA,BAC,BALL,BAX,BBBYQ,BBWI,BBY,BC,BCR,BDK,BDX,BEN,BF/B,BFH,BG,BHF,BHI,BIGGQ,BIIB,BIO,BK,BKNG,BKR,BLDR,BLK,BLS,BMC,BMS,BMY,BNI,BOL,BR,BRCM,BRK/B,BRL,BRO,BSX,BTUUQ,BWA,BX,BXLT,BXP,C,CAG,CAH,CAM,CAR,CARR,CAT,CB,CBE,CBOE,CBRE,CCEP,CCI,CCL,CCTYQ,CDAY,CDNS,CDW,CE,CEG,CELG,CEPH,CERN,CF,CFC,CFG,CFN,CHD,CHKAQ,CHRW,CHTR,CI,CIEN,CIN,CINF,CITGQ,CL,CLF,CLX,CMA,CMCSA,CME,CMG,CMI,CMS,CMVT,CMX,CNC,CNP,CNX,COF,COL,COO,COP,COR,COST,COTY,COV,CPAY,CPB,CPGX,CPNLQ,CPPRQ,CPRI,CPRT,CPT,CRL,CRM,CSC,CSCO,CSGP,CSRA,CSX,CTAS,CTB,CTLT,CTRA,CTSH,CTVA,CTXS,CVC,CVG,CVH,CVS,CVX,CXO,CZR,D,DAL,DALRQ,DAY,DCNAQ,DD,DDS,DE,DFODQ,DFS,DG,DGX,DHI,DHR,DIS,DISCA,DISCK,DISH,DJ,DLR,DLTR,DLX,DNRCQ,DOC,DOFSQ,DOV,DOW,DPHIQ,DPZ,DRE,DRI,DTE,DUK,DVA,DVN,DXC,DXCM,DYNIQ,EA,EBAY,ECL,ED,EFX,EG,EIX,EKDKQ,EL,ELV,EMN,EMR,ENDPQ,ENPH,EOG,EOP,EPAM,EQIX,EQR,EQT,ES,ESRX,ESS,ETFC,ETN,ETR,ETSY,EVHC,EVRG,EW,EXC,EXPD,EXPE,EXR,F,FANG,FAST,FBF,FBIN,FCX,FDO,FDS,FDX,FE,FFIV,FHI,FHN,FI,FICO,FIS,FITB,FL,FLIR,FLR,FLS,FLT,FMC,FMCC,FNMA,FOSL,FOX,FOXA,FRCB,FRT,FSH,FSL/B,FSLR,FTI,FTNT,FTRCQ,FTV,GAP,GAS,GD,GDT,GDW,GE,GEHC,GEN,GENZ,GGP,GHC,GILD,GIS,GL,GLW,GM,GMCR,GME,GNRC,GNW,GOOG,GOOGL,GPC,GPN,GR,GRMN,GS,GT,GTW,GWW,HAL,HAR,HAS,HBAN,HBI,HCA,HCBK,HD,HES,HET,HFC,HIG,HII,HLT,HNZ,HOG,HOLX,HON,HOT,HP,HPC,HPE,HPQ,HRB,HRL,HSH,HSIC,HSP,HST,HSY,HUBB,HUM,HWM,IBM,ICE,IDXX,IEX,IFF,ILMN,INCY,INTC,INTU,INVH,IP,IPG,IPGP,IQV,IR,IRM,ISRG,IT,ITT,ITW,IVZ,J,JBHT,JBL,JCI,JEF,JHF,JKHY,JNJ,JNPR,JNS,JNY,JOY,JPM,JWN,K,KATE,KBH,KDP,KEY,KEYS,KG,KHC,KIM,KLAC,KMB,KMI,KMX,KO,KR,KRB,KRFT,KRI,KSE,KSS,KSU,KVUE,L,LDOS,LEG,LEHMQ,LEN,LH,LHX,LIN,LKQ,LLTC,LLY,LM,LMT,LNC,LNT,LO,LOW,LPX,LRCX,LULU,LUMN,LUV,LVLT,LVS,LW,LXK,LYB,LYV,M,MA,MAA,MAC,MAR,MAS,MAT,MBI,MCD,MCHP,MCK,MCO,MDLZ,MDP,MDT,MEE,MEL,MER,MET,META,MFE,MGM,MHK,MHS,MJN,MKC,MKTX,MLM,MMC,MMM,MNKKQ,MNST,MO,MOH,MOLX,MOS,MPC,MPWR,MRK,MRNA,MRO,MS,MSCI,MSFT,MSI,MTB,MTCH,MTD,MTG,MTLQQ,MTW,MU,MUR,MWV,MWW,MXIM,MYL,NAV,NAVI,NBL,NBR,NCC,NCLH,NDAQ,NDSN,NEBLQ,NEE,NEM,NFB,NFLX,NFX,NI,NKE,NKTR,NLSN,NOC,NOV,NOVL,NOW,NRG,NSC,NTAP,NTRS,NUE,NVDA,NVR,NWL,NWS,NWSA,NXPI,NXTL,NYT,O,ODFL,OGN,OI,OKE,OMC,OMX,ON,ORCL,ORLY,OTIS,OXY,PANW,PARA,PAYC,PAYX,PBCT,PBG,PBI,PCAR,PCG,PCL,PCP,PDCO,PEAK,PEG,PENN,PEP,PETM,PFE,PFG,PG,PGL,PGR,PH,PHM,PKG,PLD,PM,PMCS,PNC,PNR,PNW,PODD,POM,POOL,PPG,PPL,PRGO,PRU,PSA,PSX,PTC,PTV,PVH,PVN,PWR,PXD,PYPL,QCOM,QEP,QLGC,QRVO,R,RAI,RBK,RCL,RDC,REG,REGN,RF,RHI,RHT,RIG,RJF,RL,RMD,ROH,ROK,ROL,ROP,ROST,RRC,RRD,RSG,RSHCQ,RTN,RTX,RVTY,RX,SANM,SBAC,SBNY,SBUX,SCG,SCHW,SEBL,SEDG,SEE,SGP,SHLDQ,SHW,SIAL,SIG,SITC,SIVBQ,SJM,SLB,SLG,SLM,SNA,SNDK,SNI,SNPS,SNV,SO,SOV,SPG,SPGI,SPLS,SRCL,SRE,SSP,STE,STJ,STLD,STT,STX,STZ,SUNEQ,SVU,SWK,SWKS,SWN,SWY,SYF,SYK,SYY,T,TAP,TAP/B,TDC,TDG,TDY,TECH,TEG,TEL,TER,TEX,TFC,TFCF,TFCFA,TFX,TGNA,TGT,THC,TIE,TIN,TJX,TLAB,TMO,TMUS,TNB,TNL,TOY,TPR,TRB,TRGP,TRIP,TRMB,TROW,TRV,TSCO,TSLA,TSN,TSS,TT,TTWO,TUPBQ,TWC,TWTR,TWX,TXN,TXT,TXU,TYL,UA,UAA,UAL,UBER,UDR,UHS,UIS,ULTA,UNH,UNM,UNP,UPS,URBN,URI,USB,V,VALPQ,VAR,VFC,VIAB,VIAV,VICI,VLO,VLTO,VMC,VNO,VNT,VRSK,VRSN,VRTX,VSTNQ,VTR,VTRS,VYX,VZ,WAB,WAMUQ,WAT,WBA,WBD,WCG,WDC,WEC,WELL,WFC,WFM,WFTIQ,WHR,WINMQ,WM,WMB,WMT,WNDXQ,WOR,WPX,WRB,WRK,WST,WTW,WU,WWY,WY,WYE,WYNN,X,XEC,XEL,XLNX,XOM,XRAY,XRX,XTO,XYL,YUM,ZBH,ZBRA,ZION,ZTS
2004,1,1,1,1,1,0,1,1,0,1,1,1,1,1,1,1,0,1,1,1,0,1,1,1,1,1,1,0,1,1,1,0,1,1,0,1,0,1,0,1,1,1,1,1,1,1,1,1,1,0,0,0,1,1,1,1,1,1,1,1,0,1,1,1,0,0,1,1,1,1,1,1,1,1,1,0,1,1,1,1,1,1,1,1,1,1,1,1,1,1,0,1,1,1,1,1,1,1,1,1,1,1,1,1,1,1,1,1,1,0,0,1,1,1,1,1,0,1,0,0,0,0,1,0,1,1,1,0,0,1,0,1,0,0,1,0,0,0,1,1,1,1,1,1,1,1,1,1,1,1,1,0,0,0,0,0,0,0,1,0,0,1,1,0,1,0,0,1,0,0,0,1,0,1,0,0,0,0,1,0,1,1,1,0,1,0,0,0,1,0,1,0,0,0,0,1,1,1,1,0,0,1,1,0,1,1,1,1,1,1,1,1,1,1,1,1,1,1,0,0,0,1,1,1,0,1,0,0,0,0,1,1,1,1,1,1,0,1,0,0,0,1,0,0,0,0,0,1,1,1,0,1,0,1,1,1,0,0,1,0,1,1,0,0,0,0,0,0,0,0,0,1,0,0,0,0,0,0,1,1,1,1,0,1,0,1,1,1,0,0,1,1,1,0,0,1,0,1,1,0,1,1,1,0,0,0,1,0,1,1,0,0,0,0,0,1,1,0,0,1,1,1,0,0,0,0,1,0,1,0,1,1,0,0,1,0,1,0,1,0,1,1,0,0,0,1,0,1,1,0,0,0,1,0,0,1,0,0,0,1,0,1,0,0,1,1,1,0,1,0,0,1,1,1,1,1,1,0,1,1,0,1,1,1,0,0,1,1,0,0,1,0,0,1,0,0,1,1,0,0,0,0,1,0,0,0,1,0,0,1,0,1,1,0,1,1,0,1,1,1,0,0,1,0,0,1,0,0,0,1,1,0,0,0,0,0,0,0,0,0,0,1,0,1,0,1,1,1,1,0,1,1,0,0,0,1,1,1,0,0,0,0,0,0,0,1,0,1,0,1,1,1,1,1,0,1,1,0,0,0,1,1,1,0,1,0,0,1,1,0,1,1,0,1,0,1,1,0,1,0,0,0,1,0,1,0,1,0,0,0,1,0,0,1,1,0,1,1,0,0,0,0,0,0,1,1,0,0,0,1,1,0,1,0,1,0,1,1,0,1,1,1,1,1,0,1,0,1,0,0,1,1,0,0,1,1,1,0,1,1,1,0,0,1,0,1,1,0,0,0,0,0,1,1,0,1,1,0,0,1,1,0,0,1,1,0,0,0,1,0,0,1,0,0,0,1,1,1,1,1,0,1,1,0,1,1,0,1,1,1,0,0,0,0,1,0,1,0,0,1,1,0,0,1,0,1,0,0,0,1,0,1,1,0,1,1,0,0,0,1,1,0,1,0,1,1,1,0,1,0,0,1,1,0,0,0,1,1,1,1,0,0,1,1,0,0,1,0,1,0,0,1,1,1,1,1,0,1,0,0,0,1,1,0,0,0,0,0,1,1,0,1,0,0,1,0,1,0,1,0,1,1,1,1,1,0,0,0,1,0,1,0,1,1,1,1,1,1,1,0,0,0,1,1,0,1,0,0,0,1,1,0,1,0,0,1,1,0,1,0,0,0,1,0,1,0,1,1,1,0,1,0,0,0,1,0,1,0,0,0,1,1,0,0,0,0,1,0,1,1,1,1,1,1,0,0,1,0,1,1,0,1,1,0,1,1,0,0,0,0,1,0,1,1,0,0,0,1,1,0,1,1,1,0,1,0,0,1,0,1,0,0,0,1,1,0,0,1,0,1,1,1,1,1,0,0,0,0,0,0,1,0,1,0,0,0,1,1,1,0,1,1,1,1,0,1,0,1,0,1,0,0,0,1,1,0,0,0,0,1,0,1,0,0,1,1,1,1,0,0,0,0,0,0,0,1,0,1,1,1,1,0,0,1,0,0,0,1,0,1,0,0,0,1,0,0,0,0,0,1,0,0,1,1,0,1,1,1,0,0,0,0,0,1,0,0,1,0,1,1,1,1,1,0,0,0,0,0,0,1,1,1,0,1,0,1,1,1,0,1,0,0,1,1,0,1,0
2005,1,1,1,1,1,1,1,1,0,1,0,1,1,1,1,1,0,1,1,1,0,1,1,1,1,1,1,0,1,1,1,0,1,1,0,1,0,1,0,1,1,1,1,1,1,1,1,1,1,0,0,0,0,1,1,1,1,1,1,1,1,1,1,1,0,0,1,1,1,1,1,1,1,1,1,0,1,1,0,1,1,1,1,1,1,0,1,1,1,1,0,1,1,1,1,1,0,1,0,1,1,0,0,1,0,1,1,1,1,1,1,1,1,0,1,1,0,1,0,1,0,0,0,0,1,1,1,0,0,1,0,1,0,0,1,0,0,0,1,1,1,1,1,1,1,1,1,1,1,1,1,0,0,0,0,0,0,0,1,0,0,1,1,0,1,0,0,1,0,0,0,1,0,1,0,0,0,0,1,0,1,1,1,0,1,0,0,0,1,0,1,0,0,0,0,1,1,1,0,0,0,1,1,0,1,1,1,1,1,1,1,1,1,1,1,1,1,1,0,0,0,1,1,1,0,1,0,0,0,0,1,1,1,1,1,1,0,1,0,0,0,1,0,0,0,0,0,1,1,1,0,1,0,1,1,1,0,0,1,0,1,1,0,0,0,0,0,0,0,0,0,1,0,0,0,0,0,0,1,1,1,1,1,1,0,1,1,1,0,0,1,1,1,1,0,1,0,1,1,0,1,1,1,0,0,0,1,0,1,1,0,0,0,0,0,1,1,0,0,1,1,1,0,0,0,0,1,0,1,0,1,1,0,0,1,0,1,0,1,0,1,1,0,0,0,1,0,1,1,0,0,0,1,0,0,0,0,0,0,1,0,1,0,0,1,1,1,0,1,0,0,1,1,1,1,1,1,0,1,1,0,1,1,1,0,0,1,1,0,0,1,0,0,1,0,1,1,1,0,0,0,0,1,0,0,0,1,0,0,0,0,1,1,0,1,1,0,1,1,1,0,0,1,0,0,1,0,0,0,1,1,0,0,0,0,0,1,1,0,0,0,1,0,1,0,1,1,1,1,0,1,1,0,0,1,1,1,1,0,0,0,0,0,0,0,1,0,1,0,1,1,1,1,1,0,1,1,0,0,0,1,1,1,0,1,0,0,1,1,0,1,1,0,1,0,1,1,0,1,0,1,0,1,0,1,0,1,0,0,0,1,0,0,1,1,0,1,1,0,0,0,0,0,0,1,1,0,0,0,1,1,0,0,0,1,0,1,1,0,1,1,1,1,1,0,1,0,1,0,0,1,1,0,0,1,1,1,0,1,1,1,0,0,1,0,1,1,0,0,0,0,0,1,1,0,1,1,0,0,1,1,0,0,1,1,0,0,0,1,0,0,1,0,0,0,1,1,1,1,1,0,1,1,0,1,1,0,1,1,1,0,0,0,0,1,0,1,0,0,1,1,0,0,1,0,1,0,0,0,1,0,1,1,0,1,1,1,0,0,1,1,0,1,0,1,1,1,1,1,0,0,1,1,0,0,0,1,1,1,1,0,0,1,1,0,0,1,0,1,0,0,1,1,1,1,1,0,1,0,0,0,1,1,0,0,0,0,0,1,1,0,1,0,0,1,0,1,0,1,0,1,1,1,1,1,0,0,0,1,0,1,0,1,1,1,1,1,1,1,0,0,0,1,1,0,1,0,0,0,1,1,0,1,0,0,1,1,0,1,0,0,0,1,0,1,0,1,1,1,0,1,0,0,1,1,0,1,0,0,0,1,1,0,0,0,0,1,0,1,1,1,1,1,1,0,0,1,0,1,1,0,1,1,0,1,1,0,0,0,0,1,0,1,1,0,0,0,1,1,1,1,1,1,0,1,0,0,1,0,1,0,0,0,1,1,0,0,1,0,1,1,1,1,0,0,0,0,0,0,0,1,0,1,0,1,0,1,1,1,0,1,1,1,1,0,0,0,1,1,1,0,0,0,1,1,0,0,0,0,1,0,0,0,0,1,1,1,1,0,0,0,0,0,0,0,1,0,1,1,1,1,0,0,1,0,0,0,1,0,1,0,1,0,1,0,0,0,0,0,1,0,0,1,1,0,1,1,1,0,0,0,0,0,1,0,0,1,0,1,1,1,0,0,0,0,0,0,0,0,1,1,1,0,1,0,1,1,1,0,1,1,0,1,1,0,1,0
2006,1,1,1,1,1,1,1,1,0,1,0,1,1,0,1,1,0,1,1,1,0,1,1,1,1,1,1,0,1,1,1,0,1,1,0,1,0,1,0,1,1,1,1,1,1,1,1,1,0,0,0,0,0,0,1,1,1,1,1,1,1,1,1,1,0,0,1,1,1,1,1,1,0,1,1,0,1,1,0,1,1,1,1,1,1,0,1,1,0,1,0,1,1,1,1,1,0,1,0,1,1,0,0,1,0,0,0,0,0,1,1,1,1,0,0,1,0,1,0,1,0,0,0,0,1,1,1,0,0,1,0,1,0,0,1,0,0,0,1,1,1,1,1,1,1,1,1,1,1,1,1,0,0,0,0,0,0,0,1,0,0,1,1,0,1,0,0,1,1,0,1,1,0,1,0,0,0,0,1,0,1,1,1,0,1,0,0,0,1,0,1,0,0,0,0,1,1,1,0,0,0,1,1,0,1,1,1,1,1,1,1,1,1,1,1,1,1,1,0,0,0,1,1,1,0,1,0,0,0,0,1,1,1,1,1,1,0,1,0,0,0,1,0,0,0,0,0,1,1,1,0,1,0,1,1,1,0,0,1,0,1,1,0,0,0,0,0,0,0,0,0,1,0,0,0,0,0,0,1,1,1,1,1,1,0,1,1,1,0,0,1,1,1,1,0,1,0,1,1,0,1,1,1,0,0,0,1,0,0,1,0,0,0,0,0,1,1,0,0,1,1,1,0,0,0,0,1,0,1,1,1,1,0,0,1,0,0,0,1,0,1,1,0,0,0,1,1,1,1,0,0,0,1,0,0,0,0,0,0,1,0,0,0,0,1,1,1,0,1,0,0,1,1,1,1,1,1,0,1,1,0,1,1,1,0,0,1,1,0,0,1,0,0,1,0,1,1,1,0,0,0,0,1,0,0,0,1,0,0,0,0,1,1,0,1,1,0,1,1,1,0,0,1,0,0,1,0,0,0,1,1,0,0,0,0,0,1,1,0,0,0,1,0,1,0,1,1,1,1,0,1,1,0,0,1,1,1,1,0,0,0,0,1,0,0,1,0,1,0,1,1,1,1,1,0,1,1,0,0,0,1,1,1,0,1,0,0,1,1,0,1,1,0,1,0,1,1,0,1,0,1,0,1,0,1,0,1,0,0,0,1,0,0,1,1,0,1,1,0,0,0,0,0,0,1,1,0,0,0,1,1,0,0,0,1,0,1,1,0,1,1,1,1,1,0,1,0,1,0,0,1,1,0,0,1,1,1,0,1,1,1,0,0,1,0,1,1,1,0,0,0,0,1,1,0,1,1,0,0,1,1,0,0,1,1,0,0,0,1,0,0,1,0,0,0,1,1,1,1,1,0,1,1,0,1,1,0,1,1,1,0,0,0,0,1,0,1,0,0,1,1,0,0,1,0,1,0,0,0,1,0,1,1,0,1,1,1,0,0,1,1,0,1,1,1,1,1,1,1,0,0,1,1,0,0,0,1,1,1,1,0,0,1,1,0,0,1,1,1,0,0,1,1,1,1,1,0,1,0,0,0,0,1,0,0,0,0,0,1,1,0,1,0,0,1,0,1,0,1,0,1,1,1,1,1,0,1,0,1,0,1,0,1,1,1,1,1,1,1,0,0,0,1,1,0,1,0,0,0,1,1,0,1,1,0,1,1,0,0,0,0,0,1,0,1,0,1,1,1,0,1,0,0,1,1,0,1,0,0,0,1,1,0,0,0,0,1,0,1,1,1,1,1,1,0,0,1,0,1,1,0,1,1,1,1,1,0,0,0,0,1,0,1,1,0,0,0,1,1,1,1,1,1,0,1,1,0,1,0,1,0,1,0,1,1,0,0,1,0,1,1,1,1,0,0,0,0,0,0,0,1,0,1,0,1,0,1,1,1,0,1,1,1,1,0,0,0,0,1,1,0,0,0,1,1,0,0,1,0,1,0,0,0,0,1,1,1,1,0,0,0,0,0,0,0,1,0,1,1,1,1,0,0,1,0,0,0,1,0,1,0,1,0,1,1,0,0,0,0,1,0,0,1,1,0,1,1,1,0,0,0,0,0,1,0,1,1,0,1,1,1,0,0,0,0,0,0,0,0,1,1,1,0,1,0,1,1,1,0,1,1,0,1,1,0,1,0
2007,1,1,1,1,0,1,1,1,0,1,0,1,1,0,1,1,0,1,0,1,0,0,1,0,1,1,1,1,1,1,1,1,1,1,0,1,0,1,1,0,1,1,1,1,1,1,1,1,0,0,1,1,0,0,1,0,1,1,1,1,1,1,1,1,0,1,1,1,1,0,1,1,0,1,1,0,1,1,0,1,1,1,0,1,0,0,0,0,0,1,1,1,1,1,1,1,0,0,0,1,1,0,0,1,0,0,0,0,0,1,1,1,0,0,0,1,0,1,0,1,0,0,0,0,1,1,1,0,0,1,0,1,0,0,1,0,0,0,1,1,1,1,1,1,1,1,1,1,1,1,1,0,0,0,0,0,0,0,1,0,0,1,0,0,1,0,0,1,1,0,1,1,0,0,0,0,0,0,1,0,1,1,1,0,1,0,0,0,1,0,1,0,0,0,0,1,1,1,0,0,0,1,1,0,1,1,1,1,1,1,1,1,1,1,1,1,1,1,0,0,0,1,1,1,0,1,0,0,0,0,1,1,1,1,1,1,0,1,0,1,0,1,1,0,0,0,1,1,1,1,0,0,0,1,1,1,0,1,1,0,1,1,0,0,0,0,0,1,0,0,0,1,0,0,0,1,0,0,1,1,0,1,1,1,0,1,1,1,1,0,1,1,1,1,0,1,1,1,1,0,1,1,1,0,0,0,1,0,0,1,0,0,0,0,0,1,1,0,0,1,1,0,0,0,1,0,1,0,1,1,1,1,0,0,1,0,0,0,0,0,1,1,1,0,0,1,1,1,1,0,0,0,1,0,0,0,0,0,0,1,0,0,0,0,1,1,1,0,1,0,0,1,1,1,1,1,1,0,1,1,1,1,1,1,0,0,1,1,0,0,1,0,0,1,0,1,1,1,0,0,0,0,1,0,0,0,1,0,0,0,0,1,1,0,1,1,0,1,1,1,0,1,1,0,0,1,0,0,0,1,1,0,0,0,0,0,0,0,0,0,0,1,0,1,0,1,0,0,1,0,1,1,0,0,1,1,1,1,0,0,0,0,1,0,1,1,0,1,0,1,1,0,1,1,1,1,1,0,0,0,1,1,1,0,1,0,0,1,1,0,1,1,0,1,0,1,1,0,1,0,1,0,1,0,1,0,1,0,0,0,1,0,0,1,1,0,1,1,0,0,0,0,0,0,1,1,0,0,0,1,1,0,0,0,1,1,1,1,0,1,1,1,1,1,0,1,0,1,0,1,1,1,0,0,1,1,0,0,0,1,1,0,0,1,0,1,1,1,0,0,0,0,1,1,1,1,1,0,0,1,0,0,0,1,1,0,0,0,1,0,0,1,0,0,0,1,1,1,1,1,0,1,1,0,1,1,0,1,1,1,0,0,0,0,1,0,1,0,0,1,1,0,0,1,0,1,0,0,0,1,0,1,1,0,1,1,1,0,0,1,1,0,1,1,1,1,1,1,0,0,0,1,1,0,0,0,1,1,1,0,0,0,1,1,0,0,1,1,1,0,0,1,1,1,1,1,0,1,0,0,0,0,1,0,0,0,0,0,1,1,0,1,0,0,1,0,1,0,1,0,1,1,1,1,1,0,1,0,1,0,1,0,1,1,1,1,1,1,1,0,0,0,1,1,0,1,0,0,0,1,1,0,1,1,0,1,1,0,0,0,0,0,1,0,1,0,1,1,0,0,1,0,0,1,1,0,1,0,0,0,1,1,0,0,0,0,1,0,1,1,1,1,1,1,0,0,1,0,1,0,0,1,1,1,1,1,0,0,0,0,1,0,1,1,1,0,0,1,1,1,1,1,1,0,1,1,0,1,0,1,0,1,0,1,1,0,0,1,0,1,1,1,1,0,0,0,0,0,0,0,1,1,1,0,1,0,1,1,1,0,1,1,1,1,0,0,1,0,1,1,0,0,0,1,1,0,0,1,0,1,0,0,0,0,1,1,1,1,0,0,0,0,0,0,0,1,0,1,1,1,1,0,0,1,0,0,0,1,1,1,0,1,0,1,1,0,0,1,0,0,0,0,1,1,0,1,1,1,0,0,0,0,0,1,1,1,1,1,1,1,1,0,0,0,0,0,0,0,1,1,1,1,0,1,0,1,1,1,0,1,1,0,1,1,0,1,0
2008,1,1,1,1,0,0,1,1,0,0,0,1,0,0,1,1,0,1,0,1,0,0,0,0,0,1,1,1,1,1,1,1,1,0,1,1,0,1,1,0,1,1,1,0,1,0,0,1,0,0,1,1,0,0,1,0,1,1,1,1,1,1,1,0,1,1,1,0,1,0,1,0,0,1,1,0,0,0,0,1,1,0,0,1,0,0,0,0,0,1,0,1,0,0,1,1,0,0,0,0,0,0,0,1,0,0,0,0,0,0,1,1,0,0,0,1,0,1,0,1,1,1,0,0,1,1,1,0,0,1,0,1,0,0,1,1,0,0,1,1,1,1,1,1,1,1,1,1,1,1,1,1,0,1,0,0,0,0,1,0,0,1,0,0,1,0,0,1,1,1,1,1,1,0,0,1,0,0,1,0,1,1,1,0,1,0,0,0,1,0,1,0,0,1,0,1,1,1,0,0,0,1,1,0,1,1,1,1,1,1,1,1,1,1,1,1,1,1,0,0,0,1,1,1,0,1,0,0,0,0,0,1,1,1,1,0,0,1,0,1,0,1,1,0,0,0,1,1,1,1,0,0,0,1,1,1,0,1,1,0,1,1,0,0,0,0,0,1,0,0,0,1,0,0,0,1,1,0,1,1,0,1,1,1,0,1,1,1,1,0,1,1,0,0,0,1,1,1,1,0,1,1,1,0,1,0,1,0,0,1,0,0,0,0,0,1,1,0,0,1,1,0,0,0,1,0,1,0,1,1,1,1,0,0,1,0,0,0,0,0,1,1,1,1,0,1,1,1,1,0,0,0,0,0,0,0,0,0,0,1,0,0,0,0,1,1,1,0,1,0,0,1,1,1,1,1,1,0,1,1,1,1,1,1,0,0,1,0,0,0,1,0,0,1,0,1,1,1,0,0,0,0,1,1,1,0,1,0,0,0,0,1,1,0,1,1,0,1,1,1,0,1,1,0,0,1,0,0,0,1,1,0,0,0,0,0,0,0,0,0,0,1,0,1,0,1,0,0,1,0,1,1,1,1,1,1,1,1,0,0,1,0,1,0,1,1,0,1,0,1,1,0,1,1,1,1,1,0,0,1,1,1,1,0,1,0,0,1,1,0,1,1,0,1,0,1,1,0,1,0,1,1,1,0,1,0,1,1,0,0,1,0,0,1,1,0,1,1,0,0,0,0,0,0,1,1,0,0,0,1,1,1,0,0,1,1,1,1,0,1,1,1,1,1,0,1,0,1,0,1,1,1,0,0,1,1,0,0,0,0,1,0,0,1,0,1,1,1,0,0,0,0,1,1,1,1,1,0,0,1,0,0,0,1,1,0,0,0,1,0,0,1,0,0,0,1,1,1,1,1,1,1,1,1,1,1,0,0,1,1,0,0,0,0,1,0,1,0,0,1,1,0,0,1,0,1,0,0,0,1,0,1,1,0,1,1,1,0,0,1,1,1,1,1,1,1,0,1,0,0,1,1,1,0,0,0,1,1,1,0,0,0,1,1,0,0,1,1,1,0,0,1,1,1,1,1,0,1,0,0,0,0,1,0,0,0,0,0,1,1,0,1,0,0,1,0,1,0,1,0,1,1,1,1,1,1,1,0,1,0,1,0,1,1,1,0,1,1,1,0,0,0,0,1,0,1,0,1,0,1,1,0,1,1,0,0,1,0,0,0,0,0,1,0,1,0,1,1,0,0,1,0,0,1,1,0,1,0,1,0,1,1,0,0,0,1,1,0,1,1,1,1,1,0,0,0,1,0,1,0,0,1,1,1,1,1,0,1,0,0,1,0,1,1,1,0,0,1,1,1,1,1,1,0,1,1,0,1,0,1,0,1,1,1,1,0,0,1,0,1,1,1,1,0,1,0,0,0,1,0,1,1,1,0,1,0,1,1,1,1,0,1,1,1,0,0,1,0,1,0,0,0,0,1,1,0,0,1,0,1,0,0,0,0,1,1,1,0,0,0,0,0,0,0,0,1,0,1,1,1,1,0,0,1,0,1,1,1,1,1,0,1,0,1,1,0,0,1,0,0,0,0,0,1,0,1,1,1,0,0,0,0,0,1,1,1,1,1,1,1,1,0,0,0,0,0,0,0,1,1,1,1,0,1,0,1,1,1,0,1,1,0,1,1,0,1,0
2009,1,1,1,1,0,0,1,1,0,0,0,1,0,0,1,1,1,1,0,1,0,0,0,0,0,1,1,1,1,1,1,0,1,0,1,1,0,0,1,0,1,1,1,0,1,0,0,1,0,1,1,0,0,0,1,0,1,1,1,1,1,1,1,0,1,1,1,0,1,0,1,0,0,1,1,0,0,0,0,0,0,0,0,0,0,0,0,0,0,0,0,0,0,0,0,1,0,0,0,0,0,0,0,0,0,0,0,0,0,0,1,1,0,0,0,1,0,1,0,1,1,1,0,0,1,1,1,0,0,1,0,0,0,0,1,1,0,0,1,1,1,1,1,1,1,1,1,1,1,1,1,1,0,1,1,0,0,0,1,0,0,1,0,0,1,0,0,1,1,1,1,1,1,0,0,1,0,0,1,0,1,1,1,1,1,0,0,0,0,0,1,0,0,1,0,1,1,0,0,0,0,1,1,0,1,1,1,1,1,1,1,1,0,1,1,1,1,1,0,0,0,1,1,1,0,1,0,0,0,0,0,1,1,1,1,0,0,1,0,0,0,1,1,0,0,0,1,1,1,1,1,0,0,1,0,1,0,1,1,0,1,0,0,0,0,0,0,1,1,0,1,0,0,0,0,1,1,0,1,1,0,1,1,1,0,1,1,1,1,0,1,1,0,0,0,1,1,1,1,0,1,1,1,0,1,0,1,0,0,1,0,0,0,0,1,1,1,0,0,1,1,0,0,1,1,0,1,0,1,1,1,1,0,0,1,0,0,0,0,0,0,1,1,1,0,1,1,1,1,0,0,0,0,0,0,0,0,1,0,1,0,0,0,0,1,1,1,1,1,0,0,1,1,1,1,1,1,0,1,1,1,1,1,1,0,0,1,0,0,0,1,1,0,1,0,1,1,1,0,0,0,0,1,1,1,0,1,0,1,0,0,1,1,0,1,1,0,1,1,1,0,1,1,0,0,1,1,0,0,0,0,0,0,0,0,0,0,0,0,0,0,1,0,1,0,1,0,0,1,0,1,1,0,1,1,1,1,1,0,0,1,0,1,0,1,1,0,1,0,1,1,0,1,1,1,1,1,0,0,1,1,1,0,0,1,0,0,1,1,0,1,1,0,0,0,1,1,0,1,0,1,1,1,0,1,0,1,1,0,0,1,0,0,1,1,0,1,1,0,0,0,0,1,0,1,1,1,0,0,1,1,1,0,0,1,1,1,1,0,1,1,1,0,1,1,1,0,1,0,1,1,1,0,0,1,1,0,0,0,0,1,0,0,1,0,1,0,1,0,1,0,0,1,1,1,1,1,0,1,1,0,0,0,1,1,0,0,0,1,0,0,1,1,0,0,1,1,1,1,1,1,1,1,1,1,1,1,0,1,1,0,1,0,0,1,0,1,0,0,1,1,0,0,1,0,1,0,0,0,1,0,1,1,0,1,1,1,0,0,0,1,1,1,1,1,1,0,1,0,0,1,1,1,0,1,0,1,1,1,0,0,0,1,1,0,0,1,1,1,0,0,1,1,1,1,1,0,1,0,0,0,0,1,0,0,0,0,0,1,0,0,1,0,0,1,0,1,0,1,1,1,1,1,1,1,1,1,0,1,0,1,0,1,1,1,0,1,1,1,0,0,1,0,1,0,1,0,1,0,1,1,0,1,1,0,0,1,0,0,0,1,0,1,0,1,0,1,1,0,0,1,0,0,1,1,0,0,0,1,0,1,1,0,0,0,1,1,1,1,1,1,1,1,0,0,0,1,0,1,0,0,1,1,1,1,1,0,1,0,1,1,0,1,1,1,1,0,0,1,1,1,1,1,1,1,0,0,1,0,1,0,1,1,1,1,0,1,1,0,1,1,1,1,0,1,0,0,0,1,0,1,0,1,0,1,0,1,1,1,1,0,1,1,1,0,0,1,0,1,0,0,0,0,1,1,0,0,1,1,1,0,0,0,0,1,1,1,0,0,0,0,0,0,0,0,0,0,1,1,1,1,0,0,1,0,1,1,1,1,1,0,1,0,1,1,0,0,1,0,0,0,0,0,1,0,0,1,1,0,0,0,1,0,1,1,1,1,1,1,1,1,0,0,0,0,0,0,0,1,0,1,1,1,1,0,1,1,1,1,1,1,0,1,1,0,1,0
2010,1,1,1,0,0,0,1,1,0,0,0,1,0,0,1,0,1,1,0,1,0,0,0,0,0,1,1,1,1,1,1,0,1,0,1,1,0,0,0,0,1,1,1,0,1,0,0,1,0,1,1,0,0,0,1,0,1,1,1,1,1,1,1,0,1,1,1,0,1,0,1,0,0,1,1,0,0,0,0,0,0,0,0,0,0,0,0,0,0,0,0,0,0,0,0,0,0,0,0,0,0,0,0,0,0,0,0,0,0,0,1,1,0,0,0,1,0,1,0,1,0,1,0,0,1,1,1,0,0,1,0,0,0,0,1,0,0,0,1,1,1,1,1,1,1,1,1,1,1,1,1,1,0,1,1,0,0,0,1,0,0,1,0,0,1,0,0,1,1,1,1,1,1,0,0,1,0,0,1,0,1,1,1,1,1,0,0,1,0,1,1,0,0,1,0,1,1,0,0,0,0,1,1,0,1,1,1,1,1,1,1,1,0,1,1,1,1,1,0,0,0,1,1,1,0,1,1,0,0,0,0,1,1,1,1,0,0,1,0,0,0,1,1,0,0,0,1,1,1,1,1,0,0,1,0,0,0,1,1,0,1,0,0,0,0,0,0,1,1,0,1,0,0,1,0,1,1,0,1,0,0,1,0,1,1,1,1,1,1,0,1,1,0,0,0,1,1,1,1,0,1,1,1,0,0,0,1,0,0,1,0,0,0,0,1,1,1,0,0,1,1,0,0,1,1,0,1,0,0,1,1,1,0,0,1,0,0,0,0,0,0,1,1,1,0,1,1,1,1,0,0,0,0,0,0,0,1,1,1,1,0,0,0,0,1,1,1,1,1,0,0,0,1,1,1,1,1,0,1,1,1,1,1,1,0,0,1,0,0,0,1,1,1,1,0,1,1,1,0,0,0,0,1,1,1,0,1,0,1,0,0,1,1,0,1,1,0,1,1,1,0,1,1,0,1,1,1,0,1,0,0,0,0,0,0,0,0,0,1,1,0,1,0,1,0,1,0,0,1,0,1,1,0,1,1,1,1,1,0,0,1,0,1,0,1,1,0,1,0,1,1,0,1,1,1,1,1,0,0,1,1,1,0,0,1,0,0,1,1,0,1,1,0,0,0,1,1,1,1,0,1,1,1,0,1,0,1,1,0,0,1,0,0,1,1,0,1,1,0,0,0,1,1,0,1,1,1,0,0,1,0,1,0,0,1,1,1,0,0,1,1,1,0,0,1,1,0,1,0,1,1,1,0,0,1,1,0,0,0,0,1,0,0,1,1,1,0,1,0,1,0,0,1,1,1,1,1,0,1,1,0,0,0,1,1,0,0,0,1,0,0,1,1,0,0,1,1,1,0,1,1,1,1,1,1,1,1,0,0,1,0,1,0,0,1,1,1,0,0,1,1,0,0,1,0,1,0,0,0,1,0,1,1,0,1,1,1,0,0,0,0,0,1,1,1,1,0,1,0,0,1,1,0,0,1,0,0,1,1,0,0,0,1,1,0,0,1,1,1,0,0,1,1,1,1,1,0,1,0,0,0,0,1,0,0,0,1,0,1,0,0,1,1,0,1,0,1,0,1,1,1,1,1,1,1,1,1,0,1,0,1,0,1,1,1,0,1,1,1,0,0,1,0,1,0,1,0,1,0,1,1,0,1,1,0,0,1,0,0,1,1,0,1,0,1,0,1,1,0,0,1,0,0,1,1,1,0,0,1,0,0,1,0,1,1,1,1,1,1,1,1,1,1,0,0,0,1,1,1,0,0,1,0,1,1,1,0,0,0,1,1,0,1,1,1,1,0,0,1,0,1,1,1,1,1,0,0,1,0,1,0,1,1,1,1,0,1,1,0,1,1,1,1,0,1,0,0,0,1,0,1,0,1,0,1,0,1,1,1,1,0,1,1,1,1,0,1,0,1,0,0,0,0,1,1,0,0,1,1,0,0,0,1,0,1,1,1,0,0,0,0,0,0,0,0,0,0,1,1,1,1,0,0,1,1,0,1,1,1,1,0,1,0,1,1,0,0,1,0,0,1,0,0,1,0,0,1,1,0,0,1,1,1,1,1,0,1,1,1,1,1,0,0,0,0,0,0,0,1,0,1,0,1,1,0,1,1,1,1,1,1,0,1,1,0,1,0
2011,1,0,1,0,0,0,1,1,0,0,0,1,0,0,1,0,1,1,0,1,0,0,0,0,0,1,1,1,1,1,1,0,0,0,1,1,0,0,0,0,1,1,1,0,1,0,0,1,0,1,0,0,0,0,1,0,1,1,0,1,1,1,1,0,1,0,1,0,1,0,1,0,0,1,1,0,0,0,0,0,0,0,0,0,0,0,0,0,0,0,0,0,0,0,0,0,0,0,0,0,0,0,0,0,0,0,0,0,0,0,0,1,0,0,0,1,0,1,0,1,0,1,0,0,0,1,1,0,0,1,0,0,0,0,1,0,0,0,1,1,1,1,1,1,1,1,1,1,1,1,1,1,0,1,1,0,0,0,1,0,0,1,0,0,1,0,0,1,1,1,1,1,1,0,0,1,0,0,1,0,1,1,1,1,1,0,0,1,0,1,1,0,0,1,0,1,1,0,0,0,0,1,1,0,1,1,1,1,1,1,1,1,0,1,0,1,1,1,0,0,0,1,1,1,0,1,1,0,0,0,0,1,1,1,0,0,0,1,1,0,0,1,1,0,0,0,1,1,1,1,1,0,0,1,1,0,0,1,1,0,1,0,0,0,0,0,0,1,1,1,1,0,0,1,0,1,1,0,1,0,0,1,0,1,1,1,1,1,1,0,1,1,0,0,0,1,1,1,1,0,1,1,1,0,0,0,1,0,0,1,0,0,0,0,1,1,1,0,0,1,1,0,0,1,1,0,1,1,0,1,1,1,0,0,1,0,0,0,0,0,0,1,1,1,0,1,1,1,1,1,0,0,0,0,0,0,1,1,1,1,0,0,0,0,1,1,1,1,1,0,0,0,1,1,1,1,1,0,1,0,1,1,1,1,0,0,1,0,0,0,1,1,1,1,0,1,1,1,0,0,0,0,1,1,1,0,1,0,1,0,0,1,1,0,1,1,1,1,1,1,0,1,1,0,1,1,1,0,1,0,0,0,0,0,0,0,0,0,1,1,0,1,0,1,0,1,0,0,1,0,1,1,0,1,1,1,1,1,0,0,1,0,1,0,1,1,0,1,0,1,1,0,1,1,1,1,1,0,0,1,1,1,0,0,1,0,0,1,1,0,1,1,1,0,0,1,1,1,1,0,1,1,1,0,1,0,1,1,0,0,1,0,0,1,1,0,1,1,0,0,0,1,1,0,1,1,1,0,0,1,1,1,0,0,1,1,1,0,0,1,1,1,0,0,1,1,0,0,0,1,1,1,0,1,1,1,0,0,0,0,1,0,0,1,1,1,0,1,0,1,0,0,1,1,1,1,1,0,1,1,0,0,0,1,1,0,0,0,1,0,0,1,1,0,0,1,1,1,0,1,1,1,1,1,1,1,1,0,0,1,0,1,0,0,1,1,1,0,0,1,1,0,0,1,0,1,0,0,0,1,0,1,1,0,1,1,1,0,0,0,0,0,1,1,1,1,0,1,0,0,1,1,0,0,1,0,0,1,1,0,1,1,1,1,0,0,1,1,1,0,1,1,1,1,1,1,0,1,0,0,0,0,0,0,0,0,1,1,1,0,0,1,1,0,1,0,1,0,1,1,0,1,1,1,1,1,1,0,1,0,1,0,1,1,1,0,1,1,1,0,0,1,0,1,0,1,0,1,0,1,1,0,1,1,0,0,0,0,0,1,1,0,1,1,1,0,1,1,0,0,1,0,0,1,1,1,0,0,1,0,0,1,0,1,1,1,1,1,1,1,1,1,0,0,0,0,1,1,1,0,0,1,0,1,1,1,0,0,0,1,1,0,1,1,1,1,0,0,1,0,1,1,1,1,1,0,0,1,0,1,0,1,1,1,1,0,1,1,0,1,1,1,1,0,1,0,0,0,1,0,1,0,1,0,1,0,1,1,1,1,0,1,1,1,1,0,1,0,1,0,0,0,0,1,1,0,0,1,1,1,0,0,1,0,1,1,1,0,0,0,0,0,0,0,0,0,0,1,1,1,1,1,0,1,1,0,1,1,1,1,0,1,0,1,1,0,0,1,0,0,1,0,0,1,0,0,1,1,0,0,1,1,1,1,1,0,1,1,1,1,1,0,0,0,0,0,0,0,1,0,1,0,1,1,0,1,1,1,1,1,0,0,1,1,0,1,0
2012,0,0,0,0,0,0,0,1,1,0,0,1,0,0,1,0,1,1,0,1,0,0,0,0,0,1,1,1,1,1,1,0,0,0,1,1,0,0,0,0,1,1,1,0,1,0,0,1,0,1,0,0,0,0,1,0,1,1,0,1,1,1,1,0,1,0,1,0,0,0,1,0,0,1,1,0,0,0,0,0,0,0,0,0,0,0,0,0,0,0,0,0,0,0,0,0,0,0,0,0,0,0,0,0,0,0,0,0,0,0,0,0,0,0,0,1,0,1,1,1,1,1,0,0,0,1,1,0,0,1,0,0,0,0,1,0,0,1,1,1,1,1,1,1,1,1,1,1,1,1,1,1,0,1,0,0,0,0,1,0,0,1,0,0,1,0,0,1,1,1,1,1,1,0,0,1,1,0,1,0,1,1,1,1,1,0,0,1,0,1,1,0,0,1,0,1,1,0,0,0,0,1,0,0,1,1,1,1,1,1,1,1,0,1,0,1,1,1,0,0,0,1,1,1,0,1,1,0,0,0,0,1,1,1,0,0,0,1,1,0,0,1,1,1,0,0,1,1,1,1,1,0,0,1,1,1,0,1,1,0,1,0,0,0,0,0,0,1,0,1,1,0,0,1,0,1,1,0,1,0,0,1,0,1,1,1,1,1,1,1,1,1,0,0,0,1,1,1,1,0,1,1,1,0,1,0,1,0,0,1,0,0,0,0,1,1,1,0,0,1,1,0,0,1,1,0,1,1,0,1,1,1,0,0,1,0,0,0,0,0,0,1,1,1,0,1,1,1,1,1,0,0,0,0,1,0,1,1,1,1,0,0,0,0,1,1,1,1,1,0,0,0,1,1,1,1,1,0,1,0,1,1,1,1,0,0,1,0,0,0,1,1,1,1,0,1,1,1,0,0,0,1,1,1,1,0,1,0,1,0,0,1,1,0,1,1,1,1,1,1,0,1,1,0,1,1,1,0,1,0,0,0,0,0,0,0,0,0,1,1,0,1,0,1,1,1,0,0,1,0,1,0,0,1,1,1,1,1,0,0,1,0,1,0,1,1,0,1,0,1,1,0,1,1,1,1,1,0,0,1,1,1,0,0,1,0,0,1,1,0,1,1,1,0,0,1,1,1,1,0,1,1,1,0,1,0,1,1,0,0,1,0,0,1,1,0,1,1,0,0,0,1,1,0,0,1,1,0,0,1,1,1,0,0,1,1,0,0,1,1,1,1,0,0,1,1,0,0,0,1,1,1,0,1,1,1,0,0,0,0,1,0,0,1,1,1,0,1,0,1,0,0,1,1,1,1,1,0,1,1,0,0,0,1,1,0,0,0,1,0,0,1,1,0,0,1,1,1,0,1,1,1,1,1,0,1,0,0,0,1,0,0,0,0,1,1,1,0,0,1,1,0,0,1,0,1,1,1,0,1,0,1,1,0,1,1,1,0,0,0,0,0,1,1,1,0,0,1,0,0,1,1,0,0,1,0,1,1,1,0,1,1,1,1,0,0,1,1,0,0,1,1,1,1,1,1,0,1,0,0,0,0,0,0,0,0,1,1,1,0,0,1,1,0,1,0,1,0,1,1,0,1,1,1,1,1,1,0,1,0,1,0,1,1,1,0,1,1,1,0,1,1,0,1,0,1,0,1,0,1,1,1,1,1,0,0,0,0,0,1,1,0,1,1,0,0,1,1,0,0,1,0,0,1,1,1,0,0,1,0,0,1,0,1,1,1,1,1,0,1,1,1,0,0,0,0,1,1,1,0,0,1,0,1,1,1,0,0,0,1,1,0,1,1,1,1,0,0,1,0,1,1,1,1,1,0,0,1,0,1,0,1,0,1,1,0,1,1,0,1,1,1,1,0,1,0,0,0,1,0,1,0,1,0,1,0,1,1,1,1,0,1,0,1,1,0,1,0,1,0,0,1,0,1,1,0,0,1,1,1,0,0,1,0,1,1,1,0,0,0,0,0,0,0,0,0,0,1,1,1,1,1,0,1,1,0,1,1,1,1,0,1,0,1,1,0,0,1,0,0,1,0,0,1,0,0,1,1,0,0,1,1,1,1,1,0,1,1,1,1,1,0,0,0,0,0,0,0,1,0,1,0,1,1,0,1,1,1,1,1,0,1,1,1,0,1,0
2013,0,0,0,0,0,0,0,1,0,0,0,0,0,0,0,0,1,0,0,1,1,0,0,0,0,1,1,1,1,1,0,0,0,0,1,1,1,0,0,0,1,1,1,0,1,0,0,1,0,1,0,0,0,0,1,0,1,1,0,1,1,0,0,0,1,0,1,0,0,0,1,0,0,1,1,0,0,0,0,0,0,0,0,0,0,0,0,0,0,0,0,0,0,0,0,0,0,0,0,0,0,0,0,0,0,0,0,0,0,0,0,0,0,0,0,1,0,1,1,1,1,1,0,1,0,1,1,0,0,1,0,0,0,0,1,0,0,1,1,1,1,1,1,1,1,1,1,1,1,1,1,1,0,1,0,0,0,0,1,0,1,1,0,0,1,0,0,1,1,1,1,1,1,0,0,1,0,0,1,0,1,1,1,1,1,0,0,1,0,0,1,0,0,1,0,1,1,0,0,0,0,1,0,0,1,1,1,1,1,1,1,1,0,1,0,1,1,1,0,0,0,1,1,1,0,1,1,0,0,0,0,1,1,1,0,0,0,1,1,0,0,1,1,1,0,0,1,1,1,1,1,0,0,1,1,0,0,1,1,1,1,0,0,0,0,0,0,1,0,1,1,0,0,1,0,1,1,0,1,0,0,1,0,1,1,1,1,1,1,1,1,1,0,0,0,1,1,1,1,0,1,1,1,0,1,0,1,0,0,1,0,0,0,0,1,1,1,0,0,1,1,0,0,1,1,0,1,1,0,1,1,1,0,0,1,0,0,0,0,0,0,1,1,1,1,1,1,1,1,1,0,0,0,0,1,0,1,1,1,1,0,0,0,0,1,1,1,1,1,0,0,0,1,1,1,1,1,0,1,0,1,1,1,1,0,0,1,0,0,0,1,1,1,1,0,1,1,1,0,0,0,1,1,1,1,0,1,0,1,0,0,1,1,0,1,1,1,1,1,1,0,1,1,0,1,1,1,0,1,0,0,1,0,0,0,0,0,0,1,1,0,1,0,1,1,1,0,0,1,0,1,0,0,1,1,1,1,1,0,0,1,0,1,0,1,1,0,0,1,1,1,0,1,1,1,1,1,0,0,1,1,1,0,0,1,0,0,1,1,0,1,1,1,0,0,1,1,1,0,0,1,1,1,0,1,0,1,1,0,0,1,0,0,1,1,0,1,1,0,0,0,1,1,0,0,1,1,0,0,1,1,1,0,0,1,1,0,0,1,1,1,1,0,0,1,1,0,0,0,1,1,1,1,1,1,1,0,1,0,0,1,0,0,1,1,1,0,1,0,1,0,0,1,1,1,1,1,0,1,1,0,1,0,1,1,0,0,0,0,1,0,1,1,0,0,1,1,1,0,1,1,1,1,1,0,1,0,0,0,1,0,0,0,0,0,1,1,0,0,1,1,0,0,1,0,1,1,1,0,1,0,1,1,0,1,1,1,0,0,0,0,0,1,1,1,0,0,1,0,0,1,1,0,0,1,0,1,1,1,0,1,1,1,1,0,0,1,1,0,0,1,1,1,1,1,1,0,1,0,0,0,0,0,0,0,0,1,1,1,0,0,1,1,0,1,0,1,0,1,1,0,1,1,1,1,1,1,0,1,0,1,1,1,1,1,0,1,1,1,0,1,1,0,1,1,1,0,1,0,1,1,1,1,1,1,0,0,0,0,1,1,0,1,1,0,0,1,1,0,0,1,0,0,1,1,1,0,0,1,0,0,1,0,1,1,1,0,1,0,1,1,1,0,0,0,0,1,1,1,0,0,1,0,0,1,1,0,0,0,1,1,0,1,1,1,1,0,0,1,0,1,1,1,1,1,0,0,1,0,1,1,1,0,0,1,0,1,1,0,1,1,1,1,0,1,0,0,0,1,0,1,0,1,0,1,0,1,1,1,0,0,1,0,1,1,0,1,0,1,0,0,1,0,1,1,0,0,1,1,1,0,0,1,0,1,1,1,0,0,0,0,0,0,0,0,0,0,1,1,1,1,1,0,1,1,1,1,1,1,1,0,1,0,1,1,0,0,1,0,0,1,0,0,1,0,0,1,1,0,0,1,1,1,1,1,0,1,1,1,1,1,0,0,1,0,0,0,0,1,0,1,0,1,1,0,1,1,1,1,1,0,1,1,1,0,1,0
2014,0,0,0,0,0,0,0,0,0,0,0,0,0,0,0,0,1,0,0,1,1,0,0,0,0,1,1,1,1,1,0,0,0,0,1,1,1,0,0,0,0,1,1,0,1,0,0,1,0,1,0,0,0,0,1,0,1,1,0,1,1,0,0,0,0,0,1,0,0,0,1,0,0,1,1,0,0,0,0,0,0,0,0,0,0,0,0,0,0,0,0,0,0,0,0,0,0,0,0,0,0,0,0,0,0,0,0,0,0,0,0,0,0,0,0,1,1,1,1,1,1,1,0,1,0,1,1,0,0,1,1,0,0,0,1,0,0,1,1,1,1,1,1,1,1,1,1,1,1,1,1,1,0,1,0,0,0,0,1,1,1,1,0,0,0,1,0,1,1,1,1,1,1,0,0,0,0,0,1,0,1,1,1,1,0,0,0,1,0,0,1,0,0,1,0,1,1,0,0,0,0,1,0,0,1,1,1,1,1,1,1,1,0,1,0,1,1,1,1,0,0,1,0,1,0,1,1,0,0,0,0,0,1,1,0,0,0,1,1,0,0,1,1,1,0,0,1,1,1,1,1,0,0,1,1,0,0,1,1,1,1,0,0,0,0,0,0,1,0,1,1,0,0,1,0,1,1,0,1,0,0,1,0,1,1,1,1,1,1,1,1,1,0,0,0,1,1,1,1,0,1,1,1,0,1,0,1,0,0,0,1,0,0,0,1,1,1,0,0,1,1,0,0,1,1,0,1,1,0,0,1,1,0,0,1,1,0,0,0,0,0,1,0,1,1,1,1,1,1,1,0,0,0,0,1,0,1,1,1,1,0,0,0,0,1,1,1,1,1,0,0,0,1,1,1,1,1,0,1,0,1,1,1,1,0,0,1,0,0,0,1,1,1,1,0,1,1,1,0,0,0,1,1,1,1,0,1,0,1,0,0,1,1,0,1,1,1,0,0,1,0,1,1,0,1,1,1,0,1,0,0,1,0,0,0,0,0,0,1,1,0,1,0,1,1,1,0,0,1,0,1,0,1,1,1,1,1,1,1,0,1,0,1,0,1,1,0,0,1,1,1,0,1,1,1,1,1,0,0,1,1,1,0,0,1,0,0,0,1,0,1,1,1,0,0,1,1,1,0,0,1,1,1,0,1,0,1,1,0,0,1,0,0,1,1,0,1,1,0,0,0,1,1,0,0,1,1,0,0,1,1,1,0,0,1,1,0,0,1,1,1,1,0,0,1,1,0,0,0,1,1,1,1,1,1,1,0,1,0,0,1,1,0,1,0,1,0,1,0,1,0,0,1,1,1,1,1,0,1,1,0,1,0,1,1,0,0,0,0,1,0,1,1,0,1,1,1,1,0,1,1,1,1,1,0,1,0,0,0,1,1,0,0,1,0,1,1,0,0,1,1,0,0,1,0,0,1,1,0,1,0,1,1,0,1,1,1,0,0,0,0,0,1,1,1,0,0,1,0,0,1,1,0,0,1,0,1,1,1,0,1,1,1,1,0,0,1,1,0,0,1,1,1,1,1,1,0,1,0,1,0,0,0,0,0,0,1,1,1,0,0,1,1,0,1,0,1,0,1,1,0,1,1,1,1,1,1,0,1,0,1,1,1,1,1,0,1,1,1,0,1,1,0,1,1,1,0,1,0,1,1,1,1,1,1,0,0,1,0,1,1,0,1,1,0,0,1,1,0,0,1,0,1,1,1,1,1,0,1,0,0,1,0,1,1,1,0,1,0,1,1,1,0,0,0,0,1,1,1,0,0,1,0,0,1,1,0,0,0,1,1,0,1,1,1,1,0,0,1,0,1,1,1,1,1,0,0,1,0,1,1,1,0,0,1,0,1,1,0,1,1,1,1,0,1,0,0,0,1,0,0,0,1,0,1,0,1,1,1,0,0,1,0,1,0,0,1,0,1,0,0,1,0,1,1,0,0,1,1,1,0,0,1,0,1,1,1,0,0,0,0,0,0,0,0,0,0,1,1,1,1,1,0,1,1,1,1,1,1,0,0,1,0,1,1,0,0,1,1,0,1,0,0,1,0,0,1,1,0,0,1,1,1,1,1,0,1,1,1,1,1,0,0,1,0,0,0,0,1,0,1,0,1,1,0,1,1,1,1,1,0,1,1,1,0,1,1
2015,0,0,0,0,0,0,0,0,0,0,0,0,0,0,0,0,0,0,0,1,1,0,0,0,0,0,1,1,1,1,0,0,0,0,1,1,1,0,0,0,0,1,1,0,1,0,0,0,0,1,0,0,0,0,1,0,1,0,0,1,1,0,0,0,0,0,1,0,0,0,1,0,0,1,1,0,0,0,0,0,0,0,0,0,0,0,0,0,0,0,0,0,0,0,0,0,0,0,0,0,0,0,0,0,0,0,0,0,0,0,0,0,0,0,0,0,1,1,1,1,1,1,0,1,0,1,1,0,0,1,1,0,0,0,1,0,0,1,1,1,1,1,1,1,1,1,1,1,1,1,1,1,0,1,0,0,0,0,1,1,1,1,0,0,0,1,1,1,1,1,1,1,1,0,0,0,0,0,1,0,1,1,1,1,0,0,0,1,0,0,1,0,0,1,1,1,1,0,0,0,0,1,0,0,1,1,1,1,1,1,1,1,0,1,0,1,1,1,1,0,0,1,0,1,0,1,1,0,0,0,0,0,0,1,0,0,0,1,1,0,0,1,0,1,0,0,1,1,1,1,1,0,0,1,1,0,0,1,1,1,1,0,0,0,0,0,0,1,0,1,1,0,0,1,0,1,1,0,1,0,0,1,0,1,0,1,1,1,1,1,1,1,0,0,0,1,1,1,1,0,1,1,1,0,1,0,1,0,0,0,1,0,0,0,1,1,1,0,0,1,1,0,0,1,1,0,1,1,0,0,1,1,0,0,1,1,0,0,0,0,0,1,0,1,1,1,1,1,1,1,1,0,0,0,1,0,1,1,1,1,0,0,0,0,1,1,1,1,1,0,0,0,1,1,1,1,1,0,1,0,1,1,1,1,0,0,1,0,0,0,1,1,1,1,1,1,1,1,0,0,0,1,1,1,1,0,1,0,1,0,0,1,1,0,1,1,1,0,0,1,0,1,1,0,1,1,1,0,1,0,0,1,0,0,0,0,0,0,1,1,0,1,0,1,1,1,0,0,1,0,1,0,1,0,1,1,1,1,1,1,1,0,1,1,1,1,0,0,1,1,1,0,1,1,1,1,1,0,0,1,1,1,0,0,1,0,0,0,1,0,1,1,1,0,0,1,1,1,0,0,1,1,1,0,1,0,1,1,0,0,1,0,0,1,1,0,1,1,0,0,0,1,1,0,0,1,1,0,0,0,1,1,0,0,1,1,0,0,1,1,1,1,0,0,1,1,0,0,0,1,1,1,1,1,1,1,0,1,0,0,1,1,0,1,0,1,0,1,0,1,0,0,1,1,1,1,1,0,1,1,0,1,0,1,1,1,0,0,0,1,0,1,1,0,1,1,1,1,0,1,1,1,1,1,0,1,0,0,0,1,1,0,0,1,0,1,1,0,1,1,1,1,0,1,0,0,1,1,0,1,0,1,1,0,1,1,1,0,0,0,0,0,1,1,1,0,0,1,0,1,1,1,0,0,1,0,1,1,1,0,1,1,1,1,0,0,1,1,0,0,1,1,1,1,1,1,0,1,0,1,0,0,0,0,0,0,1,1,1,0,0,1,1,0,1,0,1,0,1,1,0,1,1,1,1,1,1,0,1,0,1,1,1,1,1,0,1,1,1,0,1,1,0,1,1,1,0,1,0,1,1,1,1,1,1,0,0,1,0,1,1,0,1,1,0,0,1,1,0,1,0,0,1,1,1,1,1,0,1,0,0,1,0,1,1,1,0,1,0,1,1,1,0,0,0,0,1,1,1,0,0,1,0,0,1,1,0,0,0,1,1,0,0,1,1,1,0,0,1,0,1,1,1,1,1,0,0,1,0,1,1,1,0,0,1,0,1,1,0,1,1,1,1,0,1,0,0,0,1,0,0,0,1,0,1,0,1,1,1,0,0,1,0,1,0,0,1,0,1,0,0,1,0,1,1,1,0,1,1,1,0,0,1,0,1,1,1,0,0,0,1,0,0,0,1,0,0,1,1,1,1,1,1,1,1,1,1,1,1,0,0,1,0,1,1,0,0,1,1,0,1,0,0,1,0,0,1,1,0,0,1,1,1,1,1,0,1,1,1,1,1,0,0,0,0,0,0,0,1,0,1,0,1,0,1,1,1,1,1,1,0,1,1,1,0,1,1
2016,0,0,0,0,0,0,0,0,0,0,0,0,0,0,0,0,0,0,0,0,0,0,0,0,0,0,1,0,1,1,0,0,0,0,1,0,1,0,0,0,0,0,1,0,1,0,0,0,0,1,0,0,0,0,1,0,1,0,0,1,1,0,0,0,0,0,1,0,0,0,1,0,0,1,1,0,0,0,0,0,0,0,0,0,0,0,0,0,0,0,0,0,0,0,0,0,0,0,0,0,0,0,0,0,0,0,0,0,0,0,0,0,0,0,0,0,0,1,1,1,1,1,0,1,0,1,1,1,1,1,1,0,0,0,1,0,0,1,1,1,1,1,1,1,1,1,1,1,1,1,1,1,0,1,0,0,0,0,1,1,1,1,0,0,0,1,1,1,1,1,1,1,1,0,0,0,0,0,1,0,1,1,1,1,0,0,0,1,0,0,0,0,1,1,1,0,1,0,0,0,0,1,0,0,1,1,1,1,1,1,1,1,0,1,0,1,1,1,1,0,0,1,0,1,0,1,1,0,0,0,0,0,0,1,0,0,0,1,1,0,0,1,0,1,0,1,1,1,1,1,1,0,0,1,1,0,0,1,1,1,1,0,0,0,0,0,0,1,0,1,1,0,0,0,1,1,1,0,1,0,0,1,0,1,0,1,1,1,1,1,1,1,0,0,0,1,1,1,1,0,1,1,1,0,0,0,1,1,0,0,1,0,0,0,1,0,1,0,1,1,1,0,0,1,1,0,1,1,0,0,1,1,0,0,1,1,0,0,0,0,0,1,0,1,1,1,1,1,1,1,1,0,0,0,1,0,0,1,1,1,0,0,0,0,1,1,1,1,1,0,0,0,1,1,1,1,1,0,1,0,1,1,1,1,1,0,1,0,0,1,1,1,1,1,1,1,1,1,0,0,0,1,1,1,1,0,1,0,1,0,0,1,0,0,1,1,1,0,0,1,0,1,1,0,1,1,1,0,1,0,0,1,0,0,0,0,0,0,1,1,0,1,0,1,1,1,0,0,1,0,1,0,1,0,1,1,1,1,1,1,1,0,0,1,1,1,0,0,1,1,1,0,1,1,1,1,1,1,1,0,1,1,0,0,1,0,0,0,1,0,1,1,1,0,1,1,1,1,0,1,0,1,1,0,1,0,1,1,0,0,1,1,0,1,1,0,1,1,0,0,0,1,1,0,0,1,1,0,1,0,1,1,0,0,1,1,0,0,0,1,1,1,0,0,1,1,0,0,1,1,1,1,1,1,1,1,0,0,0,0,1,1,0,1,0,1,0,1,0,1,0,0,1,1,1,1,1,0,0,1,0,1,0,1,1,1,0,0,0,1,0,1,1,0,1,1,1,1,0,1,1,1,1,1,0,1,0,0,0,1,1,0,0,1,0,1,1,0,1,1,1,1,1,1,0,0,1,1,0,1,0,1,1,0,1,1,1,0,0,0,0,0,1,1,0,0,0,1,0,1,1,0,0,0,1,0,0,1,1,0,1,1,1,1,0,1,1,1,0,0,1,1,1,1,1,1,0,1,1,1,0,0,0,1,0,0,1,1,1,0,0,1,1,0,1,0,1,0,1,1,0,1,1,1,1,1,1,0,1,0,1,0,1,1,1,0,1,1,1,0,1,1,0,1,1,1,0,1,0,1,1,1,1,1,1,0,0,1,0,1,1,1,1,0,0,1,1,1,0,1,0,0,1,1,1,1,1,0,1,0,0,1,0,1,1,1,0,1,0,1,1,1,0,0,0,0,1,1,1,0,0,1,0,0,1,0,1,0,0,1,1,1,0,1,1,1,0,0,1,0,1,1,1,1,1,0,0,1,0,1,1,1,0,0,1,1,1,0,1,1,1,1,1,0,1,0,0,0,0,0,0,0,1,1,1,0,1,1,1,0,0,1,0,1,0,0,1,0,1,0,0,1,0,1,1,1,0,1,1,1,0,0,1,0,1,1,1,0,0,0,1,1,0,0,1,0,0,1,1,1,1,1,1,1,1,1,1,1,1,0,0,1,0,1,1,0,1,1,1,0,1,0,0,1,0,0,1,1,0,0,1,1,1,1,1,0,1,0,1,1,1,0,0,0,0,1,0,0,1,0,1,0,1,0,1,1,1,1,1,1,0,1,1,1,0,1,1
2017,0,0,0,0,0,0,0,0,0,0,0,0,0,0,0,0,0,0,0,0,0,0,0,0,0,0,0,0,0,1,0,0,0,0,1,0,0,0,0,0,0,0,1,0,1,0,0,0,0,1,0,0,0,0,1,0,1,0,0,1,1,0,0,0,0,0,1,0,0,0,0,0,0,1,1,0,0,0,0,0,0,0,0,0,0,0,0,0,0,0,0,0,0,0,0,0,0,0,0,0,0,0,0,0,0,0,0,0,0,0,0,0,0,0,0,0,0,0,1,1,1,1,0,1,0,1,0,1,1,1,1,0,0,0,1,0,0,1,1,1,1,1,1,1,1,1,1,1,1,1,1,1,1,1,0,1,0,1,1,1,1,1,0,0,0,1,1,1,1,1,1,1,1,0,0,0,0,0,1,0,1,1,1,1,0,0,0,0,0,0,0,0,1,1,1,0,1,0,0,1,0,1,0,1,1,1,1,1,1,1,1,1,0,1,0,1,1,1,1,0,0,1,0,1,0,1,1,0,0,0,0,0,0,1,0,0,0,0,1,0,0,1,0,1,0,0,1,1,1,1,0,0,0,1,1,0,0,1,0,1,1,0,0,0,0,0,0,1,0,1,1,0,1,0,1,1,1,1,1,0,0,1,0,1,0,1,1,1,1,1,1,1,0,0,1,1,0,1,1,1,1,1,1,1,0,0,1,0,0,0,1,0,0,0,1,0,1,0,1,1,1,0,0,1,1,0,1,0,0,0,1,1,1,0,1,1,0,0,0,0,0,1,0,1,1,1,1,1,1,1,1,0,0,1,1,0,0,1,0,1,0,0,0,0,1,1,1,1,1,0,0,0,1,1,1,1,1,0,1,0,1,1,1,1,1,0,1,0,0,1,1,1,1,1,1,1,1,1,0,1,0,1,1,1,1,1,1,0,1,0,1,1,0,0,1,1,1,0,0,1,0,1,1,1,1,1,1,0,1,0,0,0,0,0,0,1,0,0,1,1,0,1,1,1,0,1,0,0,1,0,1,0,1,0,1,1,1,1,1,0,0,0,0,1,1,1,1,0,1,1,1,0,1,1,1,1,1,1,1,0,1,1,0,0,1,0,0,0,1,1,1,0,1,0,1,1,1,1,0,1,0,1,1,0,1,1,1,1,0,0,1,1,0,1,1,0,1,1,0,0,0,1,1,0,0,1,1,0,1,0,1,1,0,0,1,1,0,0,0,1,1,1,0,0,1,1,0,0,1,1,1,1,1,1,1,1,0,0,0,0,1,1,0,1,0,1,0,1,0,1,0,1,1,1,0,1,1,1,0,1,0,1,0,1,1,1,0,0,0,1,0,1,1,1,1,1,1,1,0,1,1,1,1,1,0,1,0,0,0,1,1,0,0,1,0,1,1,0,1,1,1,1,1,1,0,0,1,1,0,1,0,1,1,0,1,1,1,0,1,0,0,0,1,1,0,0,0,1,0,1,1,0,0,0,1,0,0,1,1,0,1,1,1,1,0,1,1,1,0,0,1,1,1,1,1,1,0,1,1,1,0,0,0,1,0,0,0,1,1,0,0,1,1,0,1,0,1,0,1,1,0,1,1,1,0,0,1,0,1,0,1,0,1,1,1,0,1,1,1,0,1,1,0,1,1,1,0,0,0,1,1,1,1,1,1,0,0,1,0,1,1,1,1,0,0,1,1,1,0,1,0,0,1,1,1,1,1,0,1,0,0,1,0,1,1,1,0,1,0,1,1,1,0,0,0,0,1,1,1,0,0,1,0,0,1,0,1,0,0,1,1,1,0,1,0,1,0,0,1,0,1,1,1,1,1,0,0,1,0,1,1,1,0,0,1,1,1,0,1,1,1,1,1,0,1,1,0,0,0,0,0,0,1,1,1,0,1,1,0,0,0,1,0,1,0,0,1,0,1,0,0,1,0,1,1,1,0,1,1,1,0,0,0,0,1,1,1,0,0,1,1,1,0,1,1,0,1,1,1,1,1,1,1,1,1,0,1,1,1,0,0,1,0,1,1,0,1,1,1,0,1,0,0,1,0,0,1,1,0,0,1,1,1,1,1,0,1,0,1,1,1,0,0,0,0,1,0,1,1,0,1,0,1,0,1,1,1,1,1,1,0,1,1,1,0,1,1
2018,0,0,0,0,0,0,0,0,0,0,0,0,0,0,0,0,0,0,0,0,0,0,0,0,0,0,0,0,0,0,0,0,0,0,0,0,0,0,0,0,0,0,0,0,0,0,0,0,0,0,0,0,0,0,1,0,1,0,0,1,1,0,0,0,0,0,1,0,0,0,0,0,0,1,1,1,0,0,0,0,0,0,0,0,0,0,0,0,0,0,0,0,0,0,0,0,0,0,0,0,0,0,0,0,0,0,0,0,0,0,0,0,0,0,0,0,0,0,1,1,1,1,0,1,0,1,0,1,1,1,1,0,0,0,1,0,0,1,1,1,1,1,1,1,1,1,1,1,1,1,1,1,1,1,0,1,1,1,1,1,1,1,0,0,1,1,1,1,1,1,1,0,1,0,0,0,0,1,1,1,1,1,1,1,0,0,1,0,0,0,0,0,1,1,1,0,1,0,0,1,0,1,0,1,1,1,1,1,1,0,1,1,0,1,0,1,1,1,1,0,1,0,0,1,0,1,1,1,0,0,0,0,0,1,0,0,0,0,1,0,0,1,0,1,0,0,1,1,1,1,0,0,0,1,1,0,1,1,0,1,1,0,0,1,0,0,0,1,0,1,1,0,1,0,1,1,1,1,1,0,0,1,0,1,0,1,1,1,1,1,1,1,0,0,1,1,0,1,1,1,1,1,1,1,0,0,1,0,0,0,1,0,0,0,1,0,1,0,1,1,1,0,0,1,1,0,1,0,0,0,1,1,1,0,1,1,0,0,0,1,0,1,0,1,1,1,1,1,1,1,1,1,0,1,1,0,0,1,0,1,0,0,0,1,1,1,1,1,1,1,0,0,1,1,1,1,1,1,1,0,1,1,1,1,0,0,1,0,0,1,1,1,1,1,1,1,1,1,0,1,0,1,1,1,1,1,1,0,1,0,1,1,0,0,1,1,1,0,0,1,0,1,1,1,1,1,1,0,1,0,0,0,0,0,0,1,0,0,0,1,0,0,1,1,0,1,0,0,1,0,1,0,1,0,1,1,1,1,1,0,0,0,0,1,1,1,1,0,1,1,1,0,1,1,0,1,1,1,1,0,1,1,0,0,1,0,1,0,1,1,1,0,1,0,1,1,1,1,0,1,0,1,1,0,1,1,1,1,1,0,1,1,1,1,1,0,1,1,0,1,0,1,1,1,0,1,1,0,1,0,1,1,0,0,1,1,0,0,0,1,1,1,0,0,1,1,0,0,1,1,1,1,1,1,1,1,0,0,0,0,1,1,0,1,0,1,0,1,0,1,0,1,0,1,0,1,1,1,0,1,0,1,0,1,1,0,0,0,0,1,0,1,1,1,1,1,1,1,0,1,1,1,1,1,0,1,0,0,0,1,1,0,1,1,0,0,1,0,1,1,1,0,1,1,0,0,1,1,0,1,0,1,1,0,1,1,1,0,1,0,0,0,1,0,0,0,0,1,0,1,1,0,0,1,1,0,0,1,1,0,1,1,1,1,0,1,1,1,0,0,1,1,1,1,1,1,0,1,1,1,0,0,0,1,0,0,0,1,1,0,0,1,1,0,1,0,1,0,1,1,0,0,1,1,0,0,1,0,1,0,1,0,1,1,1,0,1,1,1,1,1,1,0,1,1,1,0,0,0,1,1,1,1,1,1,0,0,1,0,1,1,1,1,0,0,1,0,0,0,1,0,1,1,1,1,1,0,1,1,1,0,1,0,1,1,1,0,1,0,1,1,1,0,0,1,0,1,1,1,0,0,1,0,0,1,0,1,0,0,1,1,1,0,1,0,1,1,0,1,0,1,1,0,1,1,0,0,0,0,1,1,1,0,0,1,1,0,0,1,1,1,1,1,0,0,1,0,0,0,0,0,0,1,1,1,0,0,1,0,0,0,1,0,1,0,0,1,0,1,0,0,1,0,1,1,1,0,1,1,1,0,0,0,0,1,1,1,0,0,1,1,1,0,1,1,0,1,1,1,1,1,0,1,1,1,0,1,1,1,0,0,1,0,1,1,0,1,1,1,0,1,0,0,1,0,0,1,1,0,0,1,1,1,1,0,0,1,0,1,1,1,0,0,0,0,1,0,1,1,0,1,0,1,0,1,1,1,1,1,1,0,1,1,1,0,1,1
2019,0,0,0,0,0,0,0,0,0,0,0,0,0,0,0,0,0,0,0,0,0,0,0,0,0,0,0,0,0,0,0,0,0,0,0,0,0,0,0,0,0,0,0,0,0,0,0,0,0,0,0,0,0,0,0,0,0,0,0,0,1,0,0,0,0,0,1,0,0,0,0,0,0,0,1,1,0,0,0,0,0,0,0,0,0,0,0,0,0,0,0,0,0,0,0,0,0,0,0,0,0,0,0,0,0,0,0,0,0,0,0,0,0,0,0,0,0,0,1,1,1,1,0,1,0,1,0,1,1,1,1,0,1,0,1,0,0,1,1,1,1,1,1,1,1,1,0,1,1,1,1,1,1,1,0,1,1,1,1,1,1,1,0,0,1,1,1,1,1,1,1,0,0,0,1,0,0,1,1,1,1,1,1,1,0,0,1,0,0,0,0,0,1,1,1,0,1,0,0,1,0,1,0,0,1,1,1,1,1,0,1,1,0,0,0,1,1,1,1,0,1,0,0,1,0,1,1,1,0,0,0,0,0,1,0,0,1,0,1,0,0,1,0,1,0,0,1,1,1,1,0,0,0,1,1,0,1,1,0,1,1,0,0,1,0,1,0,1,0,1,1,0,1,0,1,0,1,1,1,0,0,1,0,1,0,1,1,1,1,1,1,1,0,0,1,1,0,1,0,1,1,1,1,1,0,1,1,0,0,0,1,1,0,0,1,0,1,0,0,1,1,0,0,1,1,0,1,0,0,0,1,1,1,0,1,1,0,0,0,1,0,1,0,1,1,1,1,1,1,1,1,1,0,1,1,0,0,1,0,1,0,0,0,1,1,1,1,1,1,1,0,0,1,1,1,1,1,1,1,0,1,1,1,1,0,0,1,0,0,1,1,0,1,0,1,1,1,1,0,0,1,1,1,1,1,1,1,1,1,0,1,1,0,0,1,1,1,0,0,1,0,1,1,1,1,1,1,0,1,0,0,0,0,0,0,1,0,0,0,1,1,0,1,1,0,1,0,0,1,0,1,0,0,0,1,1,1,1,1,0,0,0,0,1,1,1,1,0,1,1,1,0,1,1,0,1,1,1,1,0,1,1,0,1,1,1,1,0,1,1,1,0,1,0,1,1,1,1,0,1,0,1,1,0,1,1,1,1,1,0,1,1,1,1,1,0,1,1,1,1,0,1,1,1,0,1,1,0,1,0,1,1,0,1,1,1,0,0,0,1,1,1,0,0,0,1,1,0,1,1,1,1,1,1,1,1,0,0,0,0,1,1,0,1,0,1,0,1,0,1,1,1,0,1,0,1,1,1,0,1,0,1,0,1,1,0,0,1,0,1,0,1,1,1,1,1,1,1,0,1,1,1,1,1,0,1,0,0,0,1,1,0,1,1,0,0,1,0,1,1,1,0,1,1,0,0,1,1,0,1,0,1,1,1,1,1,1,0,1,0,0,0,1,0,0,0,1,1,0,0,1,0,0,1,1,0,0,1,1,0,1,1,1,1,1,1,1,1,0,0,1,1,1,1,1,1,0,1,1,1,0,0,0,1,0,0,0,1,1,0,0,1,1,0,1,0,1,0,1,1,0,0,1,1,0,0,0,0,1,0,1,0,1,1,1,0,1,1,1,1,1,1,0,1,1,1,0,0,0,1,1,1,1,1,1,0,0,1,0,1,1,1,1,0,0,1,0,0,0,1,0,1,1,1,1,1,0,1,1,1,0,1,1,1,1,0,0,1,0,1,1,1,0,0,1,0,1,1,1,0,0,1,0,0,1,0,0,0,1,1,1,1,0,1,0,0,1,0,1,0,1,1,0,0,1,0,0,0,0,1,1,1,0,0,1,1,0,0,1,1,1,1,1,0,0,1,0,0,0,0,0,0,1,1,1,0,0,1,0,0,0,1,0,1,0,0,0,0,1,0,0,1,0,1,1,1,0,1,1,1,1,0,0,1,0,1,1,0,0,1,1,1,0,1,1,0,1,1,1,1,1,0,1,1,1,0,1,1,1,0,0,1,0,1,1,0,1,1,1,0,1,0,0,1,0,0,1,1,0,1,1,1,1,1,0,0,1,0,1,1,1,0,0,0,0,1,0,1,1,0,1,0,1,0,1,1,1,1,1,1,0,1,1,1,0,1,1
2020,0,0,0,0,0,0,0,0,0,0,0,0,0,0,0,0,0,0,0,0,0,0,0,0,0,0,0,0,0,0,0,0,0,0,0,0,0,0,0,0,0,0,0,0,0,0,0,0,0,0,0,0,0,0,0,0,0,0,0,0,0,0,0,0,0,0,1,0,0,0,0,0,0,0,0,1,0,0,0,0,0,0,0,0,0,0,0,0,0,0,0,0,0,0,0,0,0,0,0,0,0,0,0,0,0,0,0,0,0,0,0,0,0,0,0,0,0,0,1,1,1,1,0,1,0,1,0,1,1,1,1,0,1,0,1,0,0,1,1,1,1,1,1,1,1,1,0,1,1,1,1,1,1,1,0,1,1,1,1,1,1,1,0,1,1,1,0,1,1,1,1,0,0,0,1,0,0,1,1,1,1,0,1,1,0,0,1,0,0,0,0,1,1,1,1,0,1,0,0,1,0,1,0,0,1,1,1,1,1,0,1,1,0,0,0,1,1,1,1,0,0,0,0,1,0,1,1,1,0,0,0,0,0,1,0,0,1,0,1,0,0,1,0,1,0,0,1,1,1,1,0,0,0,1,1,0,1,1,0,1,1,0,0,1,1,1,0,0,0,1,1,0,1,0,1,0,1,1,1,0,0,1,0,1,0,1,1,1,1,1,1,1,0,0,1,1,0,1,0,1,1,1,1,1,0,1,1,0,0,0,1,1,0,0,1,0,1,0,0,1,1,0,0,1,1,1,1,0,0,0,1,1,1,0,1,1,0,0,0,1,0,1,0,1,1,1,1,1,1,1,1,1,0,1,1,0,0,1,0,1,1,0,0,1,1,1,1,1,1,1,0,0,1,1,1,1,1,1,1,0,1,1,1,1,0,0,1,0,0,1,1,0,1,0,1,1,1,1,0,0,1,1,1,1,1,1,1,1,1,0,1,1,0,0,1,1,1,0,0,1,0,1,1,0,1,0,1,0,1,0,0,0,1,1,1,1,0,0,0,1,1,0,1,1,0,1,0,0,1,0,1,0,0,0,1,1,1,1,1,0,0,0,0,1,1,1,1,0,1,1,0,0,1,1,0,1,1,1,1,0,1,1,0,1,1,1,1,0,1,1,1,0,1,0,1,1,1,1,0,1,0,1,1,0,1,1,1,1,1,1,1,1,1,1,1,0,1,1,1,1,0,1,1,1,0,1,1,0,1,0,1,0,0,1,1,1,0,0,0,1,1,1,0,0,0,1,1,0,1,1,1,1,1,1,1,1,0,0,0,0,1,1,0,1,1,1,0,1,0,1,1,1,0,1,0,1,1,1,0,1,0,1,0,1,1,0,1,1,0,1,1,1,1,1,0,1,1,0,0,1,1,1,1,1,0,1,0,0,0,1,1,0,1,1,0,0,1,1,1,1,1,0,1,1,0,0,1,1,0,1,0,1,1,1,1,1,1,0,1,0,0,0,1,0,0,0,1,1,0,0,1,0,0,1,1,0,0,1,1,0,1,0,1,1,0,1,1,1,0,1,1,1,1,1,1,1,1,1,1,1,0,0,0,1,1,0,0,1,1,0,0,1,1,0,1,0,1,0,1,1,0,0,1,0,0,0,0,0,1,0,1,0,1,1,1,0,1,1,1,1,1,1,0,1,1,1,0,0,0,1,1,1,1,1,1,0,0,1,0,1,1,1,1,0,0,1,0,0,0,1,0,1,1,1,1,0,0,1,1,1,0,1,1,1,1,0,0,1,0,1,1,1,0,0,1,0,1,0,1,0,0,1,0,0,1,0,0,0,1,1,1,1,0,1,0,0,1,0,1,0,1,1,0,0,1,0,1,0,0,1,1,1,0,0,1,1,0,0,1,1,1,1,1,0,0,1,0,0,0,0,0,0,1,0,0,1,0,1,0,0,0,1,0,1,1,0,0,0,1,0,0,0,0,1,1,1,0,1,0,1,1,0,0,1,0,1,1,0,0,1,1,1,0,1,1,0,1,1,1,1,1,0,1,1,1,0,1,1,0,0,0,1,0,1,1,0,1,1,1,0,1,0,0,1,1,0,1,1,0,1,1,1,1,1,0,0,1,0,1,1,1,0,0,0,1,1,0,1,1,0,1,0,1,0,1,1,1,1,1,1,0,1,1,1,1,1,1
2021,0,0,0,0,0,0,0,0,0,0,0,0,0,0,0,0,0,0,0,0,0,0,0,0,0,0,0,0,0,0,0,0,0,0,0,0,0,0,0,0,0,0,0,0,0,0,0,0,0,0,0,0,0,0,0,0,0,0,0,0,0,0,0,0,0,0,1,0,0,0,0,0,0,0,0,1,0,0,0,0,0,0,0,0,0,0,0,0,0,0,0,0,0,0,0,0,0,0,0,0,0,0,0,0,0,0,0,0,0,0,0,0,0,0,0,0,0,0,1,1,1,1,0,1,0,1,0,1,1,1,1,0,1,0,1,0,0,1,1,1,1,1,1,1,1,1,0,1,0,1,0,1,1,1,0,1,1,1,1,1,1,1,0,1,1,1,0,1,1,1,1,0,0,0,1,0,0,1,1,1,1,0,1,1,0,0,1,0,0,0,0,1,1,1,1,0,1,0,0,1,0,1,0,0,1,1,1,1,1,0,1,1,0,0,0,1,1,1,0,0,0,0,0,1,1,1,1,1,0,0,0,0,0,1,0,0,1,0,1,0,0,1,0,1,0,0,1,1,1,1,0,0,1,1,1,0,1,1,0,1,1,0,0,1,1,1,0,0,0,1,1,0,1,0,1,0,1,1,1,0,0,1,0,1,0,1,1,1,1,1,1,1,0,0,1,1,0,1,0,1,1,1,1,0,0,1,1,0,0,0,0,1,0,0,1,0,1,0,0,1,1,0,1,1,1,1,1,0,0,0,1,1,1,0,1,1,0,0,0,1,0,1,0,1,1,1,1,1,1,1,1,1,0,1,1,0,0,1,0,1,1,0,1,1,1,1,1,1,1,1,1,0,1,1,1,1,1,1,1,0,1,1,1,1,0,0,1,0,0,1,1,0,1,0,1,0,1,1,1,0,1,1,1,1,1,1,1,1,1,0,1,1,0,0,1,1,1,0,0,1,0,1,1,0,1,0,1,0,1,0,0,0,1,1,1,1,0,0,0,1,1,0,1,1,0,1,0,0,1,0,1,0,0,0,1,1,1,1,1,0,0,0,0,1,1,1,1,0,1,1,0,0,1,1,0,1,1,1,1,0,1,1,0,1,1,1,1,0,0,1,1,0,0,0,1,1,0,1,0,1,0,1,1,0,1,1,1,1,1,1,1,1,1,1,1,0,1,1,1,1,1,1,1,1,0,1,1,0,1,0,1,0,0,1,1,1,0,0,0,1,0,1,0,0,0,1,1,0,1,1,1,1,1,1,1,1,0,0,0,0,0,1,0,1,1,1,0,1,0,1,1,1,0,1,0,1,1,1,0,1,0,1,0,1,1,0,1,1,0,1,1,0,1,1,0,1,1,0,0,1,1,1,1,1,0,1,0,0,0,1,1,0,1,1,0,0,1,1,1,1,1,0,1,1,0,0,1,1,0,1,0,1,1,1,1,1,1,0,1,0,0,0,1,0,0,0,1,0,0,0,0,0,0,1,1,0,0,1,1,0,1,0,1,1,0,1,1,1,0,1,1,1,1,1,1,1,1,1,1,1,0,0,0,1,1,0,0,1,1,0,0,1,1,1,1,0,1,1,1,1,0,0,1,0,0,0,0,0,1,0,1,0,1,1,1,0,1,1,1,1,1,1,0,1,1,1,0,0,1,1,1,1,1,1,1,0,0,1,0,1,1,1,1,0,0,1,0,0,0,1,0,1,1,1,1,0,0,1,1,1,0,1,1,1,1,0,0,1,0,0,1,1,0,0,1,0,1,0,1,0,0,1,0,0,1,0,0,0,1,1,1,1,0,1,0,0,1,0,1,0,1,1,0,0,1,0,1,0,0,1,1,1,0,0,1,1,0,0,1,1,1,1,1,0,0,1,1,0,0,0,1,0,1,0,0,1,0,1,0,0,0,1,0,1,1,0,0,0,1,0,0,0,0,1,1,1,1,1,0,1,1,0,0,1,0,1,1,0,1,1,1,1,0,1,1,0,1,1,1,1,1,0,1,1,1,0,1,1,0,0,0,1,0,1,1,1,1,1,1,0,1,1,0,1,1,0,1,1,0,0,1,1,1,1,0,0,1,0,1,1,1,0,0,0,1,1,1,1,1,0,1,0,1,0,0,1,1,1,1,1,0,1,1,1,1,1,1
2022,0,0,0,0,0,0,0,0,0,0,0,0,0,0,0,0,0,0,0,0,0,0,0,0,0,0,0,0,0,0,0,0,0,0,0,0,0,0,0,0,0,0,0,0,0,0,0,0,0,0,0,0,0,0,0,0,0,0,0,0,0,0,0,0,0,0,0,0,0,0,0,0,0,0,0,1,0,0,0,0,0,0,0,0,0,0,0,0,0,0,0,0,0,0,0,0,0,0,0,0,0,0,0,0,0,0,0,0,0,0,0,0,0,0,0,0,0,0,1,1,1,1,0,1,0,1,0,1,1,1,1,0,1,0,1,0,0,1,1,1,1,1,1,1,1,1,0,1,0,1,0,1,1,1,0,1,1,1,1,1,0,1,0,1,1,1,0,1,1,1,1,0,0,0,1,0,0,1,1,1,1,0,1,1,0,0,1,0,0,0,0,1,1,1,1,0,1,0,0,1,0,1,0,0,1,1,1,1,1,0,1,1,0,0,0,1,1,1,0,0,0,0,0,1,1,1,1,1,0,0,0,0,0,1,0,0,1,0,1,0,1,1,0,1,0,0,1,1,1,1,0,0,1,1,1,0,1,1,0,1,1,0,0,1,1,1,0,0,0,1,1,0,1,0,1,0,1,1,1,0,0,1,0,1,0,1,1,1,1,1,1,1,0,0,1,1,0,1,0,1,1,1,1,0,0,1,1,0,0,0,0,1,0,1,1,0,1,0,0,1,1,0,1,1,1,1,1,0,0,0,1,1,0,1,1,1,0,1,0,1,0,1,0,1,1,1,1,1,1,1,1,1,0,1,1,0,0,1,0,1,1,0,1,1,1,1,1,1,1,1,1,0,1,1,1,1,1,1,1,0,1,1,1,1,0,1,1,0,1,1,1,0,1,0,1,0,1,1,1,0,1,1,1,1,1,1,1,1,1,0,1,1,0,1,1,1,1,0,0,1,0,1,1,0,0,0,0,0,1,0,0,0,1,1,1,1,0,0,0,0,1,0,1,1,0,1,0,0,1,0,1,0,0,0,1,1,1,1,1,0,0,1,0,1,1,1,1,0,1,1,0,0,1,1,0,1,1,0,1,0,1,1,0,0,1,1,1,0,0,1,1,0,0,0,1,1,0,1,0,1,0,1,1,0,1,1,1,1,1,1,1,1,1,1,1,0,1,1,1,1,1,1,1,1,0,1,1,0,1,0,1,0,0,1,1,1,0,0,0,1,0,1,0,0,0,1,1,0,1,1,1,1,1,1,1,1,0,0,0,0,0,0,0,1,1,0,0,1,0,1,1,1,0,1,0,1,1,1,0,1,0,1,0,1,1,0,1,1,0,1,1,0,1,1,0,1,1,0,0,1,1,1,1,1,0,1,0,0,0,1,1,0,1,1,0,0,1,1,1,1,1,0,1,1,0,0,1,1,1,1,1,1,1,1,1,1,1,1,1,0,0,0,1,0,0,0,0,0,0,0,0,0,0,1,1,0,0,1,1,0,1,0,1,1,0,1,1,0,0,1,1,1,1,1,1,1,1,1,1,1,1,0,0,1,1,1,0,1,1,0,0,1,1,1,1,0,1,1,1,1,0,0,1,0,0,0,0,0,1,1,1,0,1,1,1,0,1,1,1,1,1,1,0,1,1,1,0,0,1,1,1,0,1,1,1,1,0,1,0,1,1,1,1,0,0,1,0,0,0,1,0,1,1,1,1,0,0,1,1,1,0,1,1,1,1,0,0,1,0,0,1,1,0,0,1,1,1,0,1,0,1,1,0,0,1,0,0,0,1,1,1,0,0,1,0,0,1,0,1,0,1,1,0,0,1,0,1,0,0,1,1,1,0,0,1,1,0,0,1,1,1,1,1,0,0,1,1,1,0,0,1,0,1,0,0,1,0,1,0,0,0,1,0,1,1,0,0,0,1,0,0,0,1,1,1,1,1,1,0,1,1,0,0,1,0,1,1,0,1,1,1,1,0,1,1,0,1,1,0,1,1,0,1,1,1,0,0,1,0,0,0,1,0,1,1,0,1,1,1,0,1,1,0,1,1,0,1,1,0,0,1,1,1,1,0,0,1,0,1,1,1,0,0,0,1,1,1,1,0,0,1,0,1,0,0,1,1,1,1,0,0,1,1,1,1,1,1
2023,0,0,0,0,0,0,0,0,0,0,0,0,0,0,0,0,0,0,0,0,0,0,0,0,0,0,0,0,0,0,0,0,0,0,0,0,0,0,0,0,0,0,0,0,0,0,0,0,0,0,0,0,0,0,0,0,0,0,0,0,0,0,0,0,0,0,0,0,0,0,0,0,0,0,0,0,0,0,0,0,0,0,0,0,0,0,0,0,0,0,0,0,0,0,0,0,0,0,0,0,0,0,0,0,0,0,0,0,0,0,0,0,0,0,0,0,0,0,1,0,0,0,0,0,0,0,0,1,1,1,1,0,0,0,1,0,1,1,1,1,1,1,1,1,1,1,0,1,0,1,0,1,1,1,0,1,1,1,1,1,0,1,0,1,1,1,0,1,1,1,1,0,0,0,1,0,0,1,1,1,1,0,1,1,0,1,1,0,0,0,0,1,1,1,1,0,1,0,0,1,0,1,0,0,1,1,1,1,1,0,1,1,0,0,0,1,1,1,0,0,0,0,0,1,1,1,1,1,0,1,0,0,0,1,0,0,1,0,1,0,1,1,0,1,0,0,1,1,1,1,0,0,1,1,1,0,1,1,0,1,1,0,1,1,1,1,1,0,0,0,1,0,1,0,1,0,1,1,1,0,0,1,0,1,0,1,1,1,1,1,1,1,0,0,1,1,0,1,0,1,1,1,1,0,0,0,1,0,0,0,0,1,1,1,1,0,1,1,0,1,1,0,1,1,1,1,0,0,0,0,1,1,0,1,1,1,0,0,0,1,0,1,0,1,1,1,1,1,1,0,0,1,0,1,1,0,0,0,0,1,1,0,1,0,1,1,1,1,1,1,1,0,1,1,1,1,1,1,1,0,1,1,1,1,0,1,1,0,1,1,1,1,1,0,1,0,1,1,1,0,1,1,1,1,1,1,1,1,1,0,0,1,0,1,1,1,1,0,0,1,0,1,1,0,0,0,0,1,1,0,0,0,1,1,1,1,0,0,1,0,1,0,1,0,0,1,0,0,1,0,1,0,0,0,1,1,1,1,1,0,0,1,0,1,1,1,1,0,1,1,0,0,1,1,0,1,1,0,1,0,1,1,0,0,1,1,1,0,0,1,1,0,0,0,1,1,0,1,0,1,0,1,1,0,1,1,1,1,1,1,1,1,1,1,1,1,1,1,0,1,1,1,1,1,0,1,1,1,1,0,1,0,0,1,1,1,0,0,0,1,0,1,0,0,1,1,1,0,1,1,1,1,1,1,1,1,0,0,0,0,0,0,0,1,1,0,0,1,1,1,1,1,0,1,0,1,1,1,0,1,0,1,0,1,1,0,1,1,0,1,1,0,1,1,0,1,1,0,0,1,1,1,1,1,0,1,0,0,0,1,1,0,1,1,0,0,1,1,1,1,1,0,1,1,1,0,1,1,1,1,1,1,1,1,1,1,1,1,1,0,0,0,1,0,0,0,0,0,0,0,0,0,0,1,1,1,0,1,1,0,1,0,1,1,0,0,1,0,0,1,1,1,1,1,1,1,1,1,1,1,1,0,0,1,1,1,0,1,1,0,1,1,1,1,1,0,1,1,1,0,0,0,1,1,0,0,0,1,1,0,1,0,1,1,1,0,1,1,1,1,1,1,0,1,1,1,0,0,1,1,1,0,1,1,1,1,0,0,0,1,1,1,1,0,0,1,0,0,0,1,0,1,1,1,1,0,0,1,1,1,0,1,1,1,1,0,0,1,0,0,1,1,0,0,1,1,1,0,1,0,1,1,0,0,1,0,0,0,1,1,1,0,0,1,0,0,1,0,1,0,1,1,0,0,1,0,1,0,1,1,1,1,0,0,1,1,0,0,1,1,1,1,1,0,0,1,1,1,0,1,1,0,1,0,0,1,0,1,0,0,0,1,0,1,1,0,0,0,1,0,1,0,1,1,1,1,1,1,0,1,1,0,0,0,0,1,1,0,1,0,0,1,0,1,1,0,1,1,0,1,1,0,1,1,1,0,0,1,0,0,1,1,0,1,1,0,1,1,1,0,1,1,0,1,1,0,1,1,1,0,1,1,1,1,0,0,1,0,1,1,1,0,0,0,1,1,1,1,0,0,1,0,1,0,0,1,0,1,1,0,0,1,1,1,1,1,1
2024,0,0,0,0,0,0,0,0,0,0,0,0,0,0,0,0,0,0,0,0,0,0,0,0,0,0,0,0,0,0,0,0,0,0,0,0,0,0,0,0,0,0,0,0,0,0,0,0,0,0,0,0,0,0,0,0,0,0,0,0,0,0,0,0,0,0,0,0,0,0,0,0,0,0,0,0,0,0,0,0,0,0,0,0,0,0,0,0,0,0,0,0,0,0,0,0,0,0,0,0,0,0,0,0,0,0,0,0,0,0,0,0,0,0,0,0,0,0,1,1,1,0,0,1,0,1,0,1,0,1,1,0,0,1,1,0,1,1,1,1,1,1,1,1,1,1,0,1,0,1,0,1,1,1,0,1,1,0,1,1,0,1,0,1,1,1,0,1,1,1,1,0,0,0,1,0,0,1,1,1,1,0,1,1,0,0,1,0,0,0,0,1,0,1,1,0,1,0,0,1,1,1,0,0,1,1,1,1,1,0,1,1,0,0,0,1,1,1,0,1,0,0,0,1,1,1,1,1,1,0,0,0,0,1,0,0,1,0,1,0,1,1,0,1,1,0,1,1,1,1,0,0,1,1,1,0,1,1,0,1,1,0,0,1,1,1,1,0,0,0,1,0,1,0,1,0,1,1,1,0,0,1,0,1,0,1,1,1,1,1,1,1,0,0,1,1,0,1,0,1,1,1,1,0,0,1,1,0,0,0,0,1,1,1,1,0,1,1,0,1,1,0,1,1,1,1,0,0,0,0,1,1,0,1,1,1,0,1,0,1,0,1,0,1,1,1,1,1,1,0,0,0,0,1,1,0,0,1,0,1,1,0,1,0,1,1,1,1,1,0,1,0,1,1,1,1,1,1,1,0,1,1,1,1,0,1,1,0,1,1,1,1,1,0,1,0,1,1,1,0,1,1,1,1,1,1,1,1,1,0,0,1,0,1,1,1,1,0,0,1,1,1,1,0,0,0,0,0,1,0,0,0,1,1,0,1,0,0,1,0,1,0,1,0,0,1,0,0,1,1,1,0,0,0,1,1,1,1,1,0,0,1,0,1,1,1,1,0,1,1,0,0,1,1,0,1,1,0,1,0,1,1,0,0,1,1,1,0,0,1,1,0,0,0,1,1,0,1,0,1,0,1,1,1,1,1,1,1,1,1,1,1,1,1,1,1,1,1,0,1,1,1,1,1,0,1,1,1,1,1,1,0,0,1,1,1,0,0,0,1,0,1,0,0,1,1,1,0,1,1,1,1,1,1,1,1,0,0,0,0,0,0,1,1,1,0,0,1,0,1,1,1,0,1,0,1,0,1,0,1,0,1,1,0,1,0,1,1,0,1,1,0,1,1,0,1,1,0,0,1,1,1,1,1,0,1,0,0,0,1,1,0,1,1,0,0,1,1,1,1,1,0,1,1,1,0,1,1,1,1,1,1,1,1,1,1,1,1,1,0,0,0,1,0,0,0,0,0,0,0,0,0,0,1,1,1,0,1,1,0,1,0,1,1,0,0,1,0,0,1,1,1,1,1,1,1,1,0,1,1,1,0,0,1,1,0,0,1,1,0,1,1,1,1,1,1,1,1,1,0,0,0,1,1,0,0,0,0,1,0,1,0,1,1,1,0,1,1,1,1,1,1,0,1,1,1,1,0,1,1,1,0,1,1,1,1,0,0,0,1,1,1,1,0,0,1,0,0,0,1,0,1,1,1,1,0,0,1,1,1,0,1,1,1,1,0,0,1,0,0,1,1,0,0,1,0,1,0,1,0,0,0,0,0,1,0,0,0,0,1,1,0,0,1,0,0,1,0,1,0,1,1,0,0,1,0,1,0,1,1,1,1,0,0,1,1,0,0,1,1,1,1,1,0,0,1,1,1,0,0,1,0,1,0,0,1,0,1,0,0,0,1,0,1,1,0,0,0,1,0,1,0,1,1,1,1,1,1,0,1,1,0,0,0,0,1,1,0,1,0,0,1,1,1,1,0,1,1,0,1,1,0,1,1,1,0,0,1,0,0,1,1,1,1,0,0,1,1,1,0,1,1,0,1,1,0,1,1,1,0,1,1,1,1,0,0,1,0,1,1,1,0,0,0,1,1,1,1,0,0,1,0,1,0,0,1,0,1,1,0,0,1,1,1,1,1,1
